case,method,value
freddie_2007/roc_auc,cbpe:roc_auc,0.5721227621483377
freddie_2007/roc_auc,da_cbpe:roc_auc,0.5693825356229449
freddie_2007/roc_auc,latest_complete_cohort:roc_auc,0.5450493240774571
freddie_2007/roc_auc,da_cbpe:prevalence,0.3898428936792108
freddie_2007/roc_auc,psi_max,0.3578005115089514
freddie_2007/roc_auc,recent_arrivals:roc_auc,0.2918889294848374
freddie_2007/roc_auc,univariate_tests,0.2126026594211997
freddie_2007/roc_auc,mmd,0.152283522104494
freddie_2007/roc_auc,recent_arrivals:prevalence,0.1492875411033979
freddie_2007/roc_auc,domain_classifier,0.1479024066900336
freddie_2007/roc_auc,latest_complete_cohort:prevalence,0.0904274753379612
freddie_2007/roc_auc,adwin_errors,0.0504567044208988
freddie_2007/roc_auc,cbpe:prevalence,-0.2058092802338327
freddie_2007/roc_auc,score_ks,-0.3444647424187066
freddie_2007/roc_auc,adwin_scores,-0.4199123127511874
freddie_2007/prevalence,da_cbpe:prevalence,0.2301790281329923
freddie_2007/prevalence,psi_max,0.0970040189989039
freddie_2007/prevalence,latest_complete_cohort:roc_auc,0.0875776397515528
freddie_2007/prevalence,recent_arrivals:prevalence,0.0169163317500913
freddie_2007/prevalence,adwin_errors,-0.0410303251735476
freddie_2007/prevalence,univariate_tests,-0.1322434262601888
freddie_2007/prevalence,cbpe:roc_auc,-0.1521373766898063
freddie_2007/prevalence,latest_complete_cohort:prevalence,-0.2112531969309463
freddie_2007/prevalence,da_cbpe:roc_auc,-0.2211910851297041
freddie_2007/prevalence,domain_classifier,-0.2545386682069843
freddie_2007/prevalence,recent_arrivals:roc_auc,-0.2710997442455243
freddie_2007/prevalence,mmd,-0.3527584947022287
freddie_2007/prevalence,adwin_scores,-0.5446108878333942
freddie_2007/prevalence,cbpe:prevalence,-0.5468761417610523
freddie_2007/prevalence,score_ks,-0.5815491413956888
freddie_2016/roc_auc,psi_max,0.4288101604278075
freddie_2016/roc_auc,domain_classifier,0.3980950049197642
freddie_2016/roc_auc,univariate_tests,0.3882192520175631
freddie_2016/roc_auc,mmd,0.3696524064171123
freddie_2016/roc_auc,da_cbpe:roc_auc,0.3325534759358289
freddie_2016/roc_auc,da_cbpe:prevalence,0.2901069518716578
freddie_2016/roc_auc,score_ks,0.286096256684492
freddie_2016/roc_auc,latest_complete_cohort:prevalence,0.2663770053475936
freddie_2016/roc_auc,latest_complete_cohort:roc_auc,0.2483288770053476
freddie_2016/roc_auc,recent_arrivals:prevalence,0.2286096256684492
freddie_2016/roc_auc,cbpe:prevalence,0.2078877005347593
freddie_2016/roc_auc,adwin_errors,0.1557486631016043
freddie_2016/roc_auc,recent_arrivals:roc_auc,0.1463903743315508
freddie_2016/roc_auc,cbpe:roc_auc,0.0685160427807486
freddie_2016/roc_auc,adwin_scores,-0.0401069518716577
freddie_2016/prevalence,cbpe:roc_auc,0.392379679144385
freddie_2016/prevalence,psi_max,0.3917112299465241
freddie_2016/prevalence,domain_classifier,0.3865165359999422
freddie_2016/prevalence,mmd,0.3863636363636364
freddie_2016/prevalence,da_cbpe:roc_auc,0.3676470588235294
freddie_2016/prevalence,univariate_tests,0.3541649316651452
freddie_2016/prevalence,score_ks,0.3419117647058824
freddie_2016/prevalence,cbpe:prevalence,0.1112967914438502
freddie_2016/prevalence,latest_complete_cohort:roc_auc,0.0868983957219251
freddie_2016/prevalence,recent_arrivals:prevalence,-0.0197192513368983
freddie_2016/prevalence,da_cbpe:prevalence,-0.0267379679144385
freddie_2016/prevalence,latest_complete_cohort:prevalence,-0.0508021390374331
freddie_2016/prevalence,adwin_scores,-0.1039438502673796
freddie_2016/prevalence,adwin_errors,-0.1617647058823529
freddie_2016/prevalence,recent_arrivals:roc_auc,-0.3897058823529412
acs_income_2016/accuracy,univariate_tests,1.0
acs_income_2016/accuracy,psi_max,1.0
acs_income_2016/accuracy,da_cbpe:prevalence,1.0
acs_income_2016/accuracy,latest_complete_cohort:prevalence,1.0
acs_income_2016/accuracy,da_cbpe:accuracy,1.0
acs_income_2016/accuracy,latest_complete_cohort:accuracy,1.0
acs_income_2016/accuracy,adwin_scores,0.9761904761904764
acs_income_2016/accuracy,domain_classifier,0.9523809523809524
acs_income_2016/accuracy,score_ks,0.9285714285714288
acs_income_2016/accuracy,cbpe:prevalence,0.9285714285714288
acs_income_2016/accuracy,adwin_errors,0.9047619047619048
acs_income_2016/accuracy,cbpe:accuracy,0.880952380952381
acs_income_2016/accuracy,mmd,0.8333333333333335
acs_income_2016/prevalence,univariate_tests,1.0
acs_income_2016/prevalence,psi_max,1.0
acs_income_2016/prevalence,da_cbpe:prevalence,1.0
acs_income_2016/prevalence,latest_complete_cohort:prevalence,1.0
acs_income_2016/prevalence,da_cbpe:accuracy,1.0
acs_income_2016/prevalence,latest_complete_cohort:accuracy,1.0
acs_income_2016/prevalence,adwin_scores,0.9761904761904764
acs_income_2016/prevalence,domain_classifier,0.9523809523809524
acs_income_2016/prevalence,score_ks,0.9285714285714288
acs_income_2016/prevalence,cbpe:prevalence,0.9285714285714288
acs_income_2016/prevalence,adwin_errors,0.9047619047619048
acs_income_2016/prevalence,cbpe:accuracy,0.880952380952381
acs_income_2016/prevalence,mmd,0.8333333333333335
brfss_2014/roc_auc,mmd,0.8479578392621869
brfss_2014/roc_auc,adwin_errors,0.8155467720685111
brfss_2014/roc_auc,recent_arrivals:roc_auc,0.7772068511198944
brfss_2014/roc_auc,cbpe:roc_auc,0.7517786561264822
brfss_2014/roc_auc,da_cbpe:roc_auc,0.7458498023715414
brfss_2014/roc_auc,domain_classifier,0.660737812911726
brfss_2014/roc_auc,latest_complete_cohort:roc_auc,0.5380764163372859
brfss_2014/roc_auc,score_ks,0.5374176548089591
brfss_2014/roc_auc,da_cbpe:prevalence,0.4537549407114624
brfss_2014/roc_auc,univariate_tests,0.4202898550724637
brfss_2014/roc_auc,psi_max,0.4104084321475625
brfss_2014/roc_auc,cbpe:prevalence,0.3650856389986824
brfss_2014/roc_auc,recent_arrivals:prevalence,0.3138339920948616
brfss_2014/roc_auc,latest_complete_cohort:prevalence,0.2968379446640315
brfss_2014/roc_auc,adwin_scores,0.178524374176548
brfss_2014/prevalence,score_ks,0.8181818181818182
brfss_2014/prevalence,cbpe:prevalence,0.7803689064558629
brfss_2014/prevalence,da_cbpe:prevalence,0.7363636363636363
brfss_2014/prevalence,da_cbpe:roc_auc,0.7229249011857706
brfss_2014/prevalence,cbpe:roc_auc,0.7159420289855071
brfss_2014/prevalence,adwin_scores,0.5945981554677207
brfss_2014/prevalence,mmd,0.4989459815546772
brfss_2014/prevalence,adwin_errors,0.4740447957839262
brfss_2014/prevalence,recent_arrivals:prevalence,0.4234519104084321
brfss_2014/prevalence,recent_arrivals:roc_auc,0.4071146245059288
brfss_2014/prevalence,latest_complete_cohort:prevalence,0.3517786561264822
brfss_2014/prevalence,domain_classifier,0.3512516469038207
brfss_2014/prevalence,univariate_tests,0.2733860342555995
brfss_2014/prevalence,latest_complete_cohort:roc_auc,0.2158102766798418
brfss_2014/prevalence,psi_max,0.2055335968379446
tlc_2019/roc_auc,score_ks,0.9065628476084538
tlc_2019/roc_auc,cbpe:roc_auc,0.9047830923248054
tlc_2019/roc_auc,mmd,0.9025583982202448
tlc_2019/roc_auc,cbpe:prevalence,0.9012235817575084
tlc_2019/roc_auc,latest_complete_cohort:roc_auc,0.8566978405241963
tlc_2019/roc_auc,recent_arrivals:roc_auc,0.8478309232480534
tlc_2019/roc_auc,adwin_scores,0.810901001112347
tlc_2019/roc_auc,da_cbpe:roc_auc,0.8024471635150167
tlc_2019/roc_auc,latest_complete_cohort:prevalence,0.7743658402660267
tlc_2019/roc_auc,univariate_tests,0.7343715239154617
tlc_2019/roc_auc,recent_arrivals:prevalence,0.7263626251390434
tlc_2019/roc_auc,da_cbpe:prevalence,0.5866518353726363
tlc_2019/roc_auc,adwin_errors,0.5377085650723026
tlc_2019/roc_auc,domain_classifier,0.1785392687694888
tlc_2019/roc_auc,psi_max,0.1651227828536747
tlc_2019/prevalence,score_ks,0.9047830923248054
tlc_2019/prevalence,recent_arrivals:roc_auc,0.8865406006674084
tlc_2019/prevalence,latest_complete_cohort:roc_auc,0.8751669108523803
tlc_2019/prevalence,latest_complete_cohort:prevalence,0.8720516459777469
tlc_2019/prevalence,cbpe:roc_auc,0.8553948832035595
tlc_2019/prevalence,cbpe:prevalence,0.8522803114571746
tlc_2019/prevalence,recent_arrivals:prevalence,0.8309232480533927
tlc_2019/prevalence,adwin_scores,0.7882091212458288
tlc_2019/prevalence,mmd,0.7615127919911011
tlc_2019/prevalence,da_cbpe:prevalence,0.7414905450500555
tlc_2019/prevalence,univariate_tests,0.6525027808676307
tlc_2019/prevalence,da_cbpe:roc_auc,0.6525027808676307
tlc_2019/prevalence,adwin_errors,0.4998887652947719
tlc_2019/prevalence,psi_max,0.4401784603812439
tlc_2019/prevalence,domain_classifier,0.3961550567413563
tabred_homecredit/roc_auc,da_cbpe:roc_auc,0.7274725274725276
tabred_homecredit/roc_auc,cbpe:roc_auc,0.7186813186813187
tabred_homecredit/roc_auc,adwin_scores,0.6483516483516484
tabred_homecredit/roc_auc,psi_max,0.5780219780219781
tabred_homecredit/roc_auc,da_cbpe:prevalence,0.4637362637362636
tabred_homecredit/roc_auc,score_ks,0.4417582417582417
tabred_homecredit/roc_auc,cbpe:prevalence,0.3582417582417582
tabred_homecredit/roc_auc,recent_arrivals:roc_auc,0.0637362637362637
tabred_homecredit/roc_auc,latest_complete_cohort:roc_auc,0.0021978021978021
tabred_homecredit/roc_auc,domain_classifier,-0.1720052290384453
tabred_homecredit/roc_auc,latest_complete_cohort:prevalence,-0.178021978021978
tabred_homecredit/roc_auc,recent_arrivals:prevalence,-0.221978021978022
tabred_homecredit/roc_auc,adwin_errors,-0.2967032967032967
tabred_homecredit/roc_auc,mmd,-0.6
tabred_homecredit/roc_auc,univariate_tests,0.0
tabred_homecredit/prevalence,adwin_scores,0.8109890109890111
tabred_homecredit/prevalence,da_cbpe:prevalence,0.6879120879120879
tabred_homecredit/prevalence,cbpe:prevalence,0.5692307692307692
tabred_homecredit/prevalence,score_ks,0.5472527472527472
tabred_homecredit/prevalence,psi_max,0.4373626373626373
tabred_homecredit/prevalence,da_cbpe:roc_auc,0.4373626373626373
tabred_homecredit/prevalence,cbpe:roc_auc,0.4285714285714285
tabred_homecredit/prevalence,recent_arrivals:roc_auc,0.134065934065934
tabred_homecredit/prevalence,latest_complete_cohort:roc_auc,0.0373626373626373
tabred_homecredit/prevalence,recent_arrivals:prevalence,-0.1076923076923077
tabred_homecredit/prevalence,domain_classifier,-0.1720052290384453
tabred_homecredit/prevalence,mmd,-0.1736263736263736
tabred_homecredit/prevalence,latest_complete_cohort:prevalence,-0.1736263736263736
tabred_homecredit/prevalence,adwin_errors,-0.3934065934065934
tabred_homecredit/prevalence,univariate_tests,0.0
tabred_homesite/roc_auc,mmd,0.8541353383458646
tabred_homesite/roc_auc,score_ks,0.8526315789473683
tabred_homesite/roc_auc,latest_complete_cohort:roc_auc,0.7942836214206797
tabred_homesite/roc_auc,recent_arrivals:roc_auc,0.675187969924812
tabred_homesite/roc_auc,da_cbpe:roc_auc,0.6736842105263157
tabred_homesite/roc_auc,cbpe:roc_auc,0.6631578947368421
tabred_homesite/roc_auc,adwin_errors,0.5157894736842105
tabred_homesite/roc_auc,recent_arrivals:prevalence,0.5097744360902255
tabred_homesite/roc_auc,adwin_scores,0.4902255639097743
tabred_homesite/roc_auc,psi_max,0.4081329929657157
tabred_homesite/roc_auc,latest_complete_cohort:prevalence,0.3159082585195885
tabred_homesite/roc_auc,da_cbpe:prevalence,0.3157894736842105
tabred_homesite/roc_auc,cbpe:prevalence,0.300751879699248
tabred_homesite/roc_auc,univariate_tests,-0.0994643350024282
tabred_homesite/roc_auc,domain_classifier,0.0
tabred_homesite/prevalence,da_cbpe:prevalence,0.8285714285714285
tabred_homesite/prevalence,cbpe:prevalence,0.8270676691729323
tabred_homesite/prevalence,adwin_scores,0.5007518796992482
tabred_homesite/prevalence,latest_complete_cohort:prevalence,0.4535539997316949
tabred_homesite/prevalence,da_cbpe:roc_auc,0.4360902255639097
tabred_homesite/prevalence,cbpe:roc_auc,0.4330827067669173
tabred_homesite/prevalence,score_ks,0.4105263157894736
tabred_homesite/prevalence,univariate_tests,0.3381787390082559
tabred_homesite/prevalence,psi_max,0.3207834963162267
tabred_homesite/prevalence,recent_arrivals:roc_auc,0.2526315789473684
tabred_homesite/prevalence,latest_complete_cohort:roc_auc,0.2173749683622882
tabred_homesite/prevalence,adwin_errors,0.1924812030075187
tabred_homesite/prevalence,mmd,0.0917293233082706
tabred_homesite/prevalence,recent_arrivals:prevalence,0.037593984962406
tabred_homesite/prevalence,domain_classifier,0.0
tabred_ecom/roc_auc,da_cbpe:prevalence,0.6
tabred_ecom/roc_auc,recent_arrivals:roc_auc,0.1999999999999999
tabred_ecom/roc_auc,recent_arrivals:prevalence,0.1999999999999999
tabred_ecom/roc_auc,mmd,0.0999999999999999
tabred_ecom/roc_auc,score_ks,-0.1999999999999999
tabred_ecom/roc_auc,cbpe:prevalence,-0.1999999999999999
tabred_ecom/roc_auc,adwin_scores,-0.1999999999999999
tabred_ecom/roc_auc,psi_max,-0.2236067977499789
tabred_ecom/roc_auc,da_cbpe:roc_auc,-0.3
tabred_ecom/roc_auc,cbpe:roc_auc,-0.6
tabred_ecom/roc_auc,adwin_errors,-0.6
tabred_ecom/roc_auc,univariate_tests,0.0
tabred_ecom/roc_auc,domain_classifier,0.0
tabred_ecom/roc_auc,latest_complete_cohort:roc_auc,0.0
tabred_ecom/roc_auc,latest_complete_cohort:prevalence,0.0
tabred_ecom/prevalence,recent_arrivals:roc_auc,0.4999999999999999
tabred_ecom/prevalence,da_cbpe:prevalence,0.0999999999999999
tabred_ecom/prevalence,mmd,0.0999999999999999
tabred_ecom/prevalence,adwin_errors,-0.0999999999999999
tabred_ecom/prevalence,psi_max,-0.4472135954999579
tabred_ecom/prevalence,score_ks,-0.4999999999999999
tabred_ecom/prevalence,adwin_scores,-0.4999999999999999
tabred_ecom/prevalence,cbpe:prevalence,-0.4999999999999999
tabred_ecom/prevalence,recent_arrivals:prevalence,-0.7
tabred_ecom/prevalence,da_cbpe:roc_auc,-0.7999999999999999
tabred_ecom/prevalence,cbpe:roc_auc,-0.8999999999999998
tabred_ecom/prevalence,univariate_tests,0.0
tabred_ecom/prevalence,domain_classifier,0.0
tabred_ecom/prevalence,latest_complete_cohort:roc_auc,0.0
tabred_ecom/prevalence,latest_complete_cohort:prevalence,0.0
