method,mean_rank,wins,cases,mean_value
da_cbpe alarm,2.9375,6,16,0.633704376750982
cbpe alarm,4.0,2,16,0.5218943274390091
latest_complete_cohort alarm,4.928571428571429,2,14,0.483396420980033
recent_arrivals alarm,5.071428571428571,1,14,0.373981461907249
score_ks,5.25,3,16,0.39159697418768874
psi_max,5.8125,3,16,0.3426798947822777
mmd,6.0625,2,16,0.3443438426445915
adwin_scores,6.125,1,16,0.33369231805036415
univariate_tests,6.333333333333333,2,12,0.41932533512853193
domain_classifier,6.916666666666667,0,12,0.3225057685786275
adwin_errors,7.9375,0,16,0.16462206939758114
