method,mean_rank,wins,cases,mean_value,full_coverage
every_k (best k),1.625,5,8,0.09090650193958687,True
retrain on recent_arrivals alarm,3.375,1,8,0.13320796226119422,True
retrain on latest_complete_cohort alarm,3.375,0,8,0.12323950293903,True
retrain on cbpe alarm,3.625,1,8,0.17484187226806522,True
retrain on domain_classifier,4.125,0,8,0.1740409967817743,True
retrain on psi_max,4.125,0,8,0.18688448617362244,True
never,4.375,1,8,0.17409252072809364,True
retrain on score_ks,4.75,0,8,0.18806161552561648,True
always,5.0,0,8,0.1950410211840047,True
