detector,periods,spearman,auroc@0.02,auroc@0.05,auroc@0.1,event_rate,alarm_rate,precision,recall,false_alarm_rate
univariate_tests,8,1.0,,1.0,1.0,0.75,1.0,0.75,1.0,1.0
psi_max,8,1.0,,1.0,1.0,0.75,0.0,,0.0,0.0
da_cbpe:prevalence,8,1.0,,1.0,1.0,0.75,0.625,1.0,0.8333333333333334,0.0
latest_complete_cohort:prevalence,8,1.0,,1.0,1.0,0.75,0.625,1.0,0.8333333333333334,0.0
da_cbpe:accuracy,8,1.0,,1.0,1.0,0.75,0.25,1.0,0.3333333333333333,0.0
latest_complete_cohort:accuracy,8,1.0,,1.0,1.0,0.75,0.375,1.0,0.5,0.0
adwin_scores,8,0.9761904761904763,,0.9166666666666667,1.0,0.75,0.0,,0.0,0.0
domain_classifier,8,0.9523809523809524,,1.0,1.0,0.75,0.75,1.0,1.0,0.0
score_ks,8,0.9285714285714287,,1.0,1.0,0.75,1.0,0.75,1.0,1.0
cbpe:prevalence,8,0.9285714285714287,,1.0,1.0,0.75,0.0,,0.0,0.0
adwin_errors,8,0.9047619047619048,,1.0,1.0,0.75,0.125,1.0,0.16666666666666666,0.0
cbpe:accuracy,8,0.880952380952381,,1.0,1.0,0.75,0.0,,0.0,0.0
mmd,8,0.8333333333333335,,1.0,0.8125,0.75,0.625,1.0,0.8333333333333334,0.0
