detector,periods,spearman,auroc@0.005,auroc@0.01,auroc@0.02,event_rate,alarm_rate,precision,recall,false_alarm_rate
cbpe:roc_auc,33,0.39237967914438504,0.7,0.6985294117647058,0.765,0.48484848484848486,0.21212121212121213,0.5714285714285714,0.25,0.17647058823529413
psi_max,33,0.3917112299465241,0.85,0.7941176470588236,0.4,0.48484848484848486,1.0,0.48484848484848486,1.0,1.0
domain_classifier,33,0.3865165359999422,0.8653846153846154,0.7647058823529411,0.42000000000000004,0.48484848484848486,1.0,0.48484848484848486,1.0,1.0
mmd,33,0.3863636363636364,0.8115384615384615,0.8014705882352942,0.475,0.48484848484848486,1.0,0.48484848484848486,1.0,1.0
da_cbpe:roc_auc,33,0.36764705882352944,0.6692307692307693,0.6654411764705883,0.76,0.48484848484848486,0.3333333333333333,0.6363636363636364,0.4375,0.23529411764705882
univariate_tests,33,0.35416493166514523,0.8461538461538461,0.75,0.4,0.48484848484848486,1.0,0.48484848484848486,1.0,1.0
score_ks,33,0.3419117647058824,0.7269230769230769,0.8088235294117647,0.495,0.48484848484848486,1.0,0.48484848484848486,1.0,1.0
cbpe:prevalence,33,0.11129679144385027,0.6269230769230769,0.6360294117647058,0.29,0.48484848484848486,0.0,,0.0,0.0
latest_complete_cohort:roc_auc,33,0.08689839572192513,0.6807692307692308,0.5588235294117647,0.28500000000000003,0.48484848484848486,0.8484848484848485,0.5357142857142857,0.9375,0.7647058823529411
recent_arrivals:prevalence,33,-0.019719251336898398,0.5192307692307693,0.5404411764705883,0.325,0.48484848484848486,0.21212121212121213,0.42857142857142855,0.1875,0.23529411764705882
da_cbpe:prevalence,33,-0.026737967914438505,0.5769230769230769,0.5845588235294118,0.255,0.48484848484848486,0.5757575757575758,0.47368421052631576,0.5625,0.5882352941176471
latest_complete_cohort:prevalence,33,-0.05080213903743316,0.5769230769230769,0.44485294117647056,0.385,0.48484848484848486,0.2727272727272727,0.2222222222222222,0.125,0.4117647058823529
adwin_scores,33,-0.10394385026737968,0.5961538461538463,0.5477941176470589,0.095,0.48484848484848486,0.09090909090909091,0.6666666666666666,0.125,0.058823529411764705
adwin_errors,33,-0.16176470588235295,0.48846153846153845,0.45588235294117646,0.27999999999999997,0.48484848484848486,0.21212121212121213,0.42857142857142855,0.1875,0.23529411764705882
recent_arrivals:roc_auc,33,-0.3897058823529412,0.2692307692307692,0.17279411764705882,0.425,0.48484848484848486,0.6060606060606061,0.3,0.375,0.8235294117647058
