detector,periods,spearman,auroc@0.01,auroc@0.02,auroc@0.05,event_rate,alarm_rate,precision,recall,false_alarm_rate
score_ks,30,0.9065628476084538,0.9735449735449735,0.9241071428571428,,0.4666666666666667,1.0,0.4666666666666667,1.0,1.0
cbpe:roc_auc,30,0.9047830923248054,0.962962962962963,0.8839285714285714,,0.4666666666666667,0.3,1.0,0.6428571428571429,0.0
mmd,30,0.9025583982202448,0.9365079365079365,1.0,,0.4666666666666667,0.7666666666666667,0.6086956521739131,1.0,0.5625
cbpe:prevalence,30,0.9012235817575083,1.0,0.9017857142857143,,0.4666666666666667,0.43333333333333335,0.8461538461538461,0.7857142857142857,0.125
latest_complete_cohort:roc_auc,30,0.8566978405241963,0.8941798941798942,0.9687500000000001,,0.4666666666666667,0.4666666666666667,0.9285714285714286,0.9285714285714286,0.0625
recent_arrivals:roc_auc,30,0.8478309232480534,0.8941798941798942,0.9419642857142857,,0.4666666666666667,0.5,0.8,0.8571428571428571,0.1875
adwin_scores,30,0.810901001112347,0.9417989417989417,0.8794642857142857,,0.4666666666666667,0.1,0.3333333333333333,0.07142857142857142,0.125
da_cbpe:roc_auc,30,0.8024471635150167,0.9523809523809524,0.8258928571428572,,0.4666666666666667,0.3,0.8888888888888888,0.5714285714285714,0.0625
latest_complete_cohort:prevalence,30,0.7743658402660267,0.8201058201058201,0.90625,,0.4666666666666667,0.7,0.6190476190476191,0.9285714285714286,0.5
univariate_tests,30,0.7343715239154617,0.8465608465608465,0.9598214285714286,,0.4666666666666667,1.0,0.4666666666666667,1.0,1.0
recent_arrivals:prevalence,30,0.7263626251390434,0.8306878306878307,0.84375,,0.4666666666666667,0.7333333333333333,0.6363636363636364,1.0,0.5
da_cbpe:prevalence,30,0.5866518353726363,0.7037037037037037,0.7544642857142857,,0.4666666666666667,0.8,0.4583333333333333,0.7857142857142857,0.8125
adwin_errors,30,0.5377085650723026,0.7248677248677249,0.7991071428571428,,0.4666666666666667,0.03333333333333333,0.0,0.0,0.0625
domain_classifier,30,0.17853926876948883,0.5952380952380952,0.5982142857142857,,0.4666666666666667,0.7,0.6666666666666666,1.0,0.4375
psi_max,30,0.16512278285367474,0.5343915343915344,0.5669642857142857,,0.4666666666666667,0.4666666666666667,0.5,0.5,0.4375
