period,detector,score,alarm,truth,degradation,n,label_coverage
2013-04-01/2013-04-07,univariate_tests,1.0,True,0.5583566268898091,0.2319032101209315,31949,1.0
2013-04-01/2013-04-07,psi_max,6.783157843179172,True,0.5583566268898091,0.2319032101209315,31949,1.0
2013-04-01/2013-04-07,score_ks,0.7084364164055225,True,0.5583566268898091,0.2319032101209315,31949,1.0
2013-04-01/2013-04-07,domain_classifier,1.0,True,0.5583566268898091,0.2319032101209315,31949,1.0
2013-04-01/2013-04-07,mmd,0.49460322994612593,True,0.5583566268898091,0.2319032101209315,31949,1.0
2013-04-01/2013-04-07,adwin_scores,0.2989493348239584,True,0.5583566268898091,0.2319032101209315,31949,1.0
2013-04-01/2013-04-07,adwin_errors,0.05184626914660141,True,0.5583566268898091,0.2319032101209315,31949,1.0
2013-04-01/2013-04-07,cbpe:roc_auc,0.16027854573667089,True,0.5583566268898091,0.2319032101209315,31949,1.0
2013-04-01/2013-04-07,da_cbpe:roc_auc,0.16031827322493708,True,0.5583566268898091,0.2319032101209315,31949,1.0
2013-04-01/2013-04-07,latest_complete_cohort:roc_auc,,False,0.5583566268898091,0.2319032101209315,31949,1.0
2013-04-01/2013-04-07,recent_arrivals:roc_auc,-0.04284706842273678,False,0.5583566268898091,0.2319032101209315,31949,1.0
2013-04-01/2013-04-07,cbpe:prevalence,0.3711227910693644,True,0.5583566268898091,0.2319032101209315,31949,1.0
2013-04-01/2013-04-07,da_cbpe:prevalence,0.3724418259106589,True,0.5583566268898091,0.2319032101209315,31949,1.0
2013-04-01/2013-04-07,latest_complete_cohort:prevalence,,False,0.5583566268898091,0.2319032101209315,31949,1.0
2013-04-01/2013-04-07,recent_arrivals:prevalence,0.014699989700622362,False,0.5583566268898091,0.2319032101209315,31949,1.0
2013-04-08/2013-04-14,univariate_tests,1.0,True,0.554135265382052,0.2361245716286886,6423,1.0
2013-04-08/2013-04-14,psi_max,6.783157843179172,True,0.554135265382052,0.2361245716286886,6423,1.0
2013-04-08/2013-04-14,score_ks,0.6764840019541251,True,0.554135265382052,0.2361245716286886,6423,1.0
2013-04-08/2013-04-14,domain_classifier,1.0,True,0.554135265382052,0.2361245716286886,6423,1.0
2013-04-08/2013-04-14,mmd,0.633743330949749,True,0.554135265382052,0.2361245716286886,6423,1.0
2013-04-08/2013-04-14,adwin_scores,0.27073715556138006,True,0.554135265382052,0.2361245716286886,6423,1.0
2013-04-08/2013-04-14,adwin_errors,0.07991352292223611,True,0.554135265382052,0.2361245716286886,6423,1.0
2013-04-08/2013-04-14,cbpe:roc_auc,0.19828874582037248,True,0.554135265382052,0.2361245716286886,6423,1.0
2013-04-08/2013-04-14,da_cbpe:roc_auc,0.19462350271742146,True,0.554135265382052,0.2361245716286886,6423,1.0
2013-04-08/2013-04-14,latest_complete_cohort:roc_auc,0.14591278745043068,True,0.554135265382052,0.2361245716286886,6423,1.0
2013-04-08/2013-04-14,recent_arrivals:roc_auc,0.14591278745043068,True,0.554135265382052,0.2361245716286886,6423,1.0
2013-04-08/2013-04-14,cbpe:prevalence,0.29393248482577394,True,0.554135265382052,0.2361245716286886,6423,1.0
2013-04-08/2013-04-14,da_cbpe:prevalence,0.09544181814964181,True,0.554135265382052,0.2361245716286886,6423,1.0
2013-04-08/2013-04-14,latest_complete_cohort:prevalence,0.028092557179003552,True,0.554135265382052,0.2361245716286886,6423,1.0
2013-04-08/2013-04-14,recent_arrivals:prevalence,0.028092557179003552,True,0.554135265382052,0.2361245716286886,6423,1.0
2013-04-15/2013-04-21,univariate_tests,1.0,True,0.5928366970903465,0.19742313992039418,6719,1.0
2013-04-15/2013-04-21,psi_max,10.35735557794076,True,0.5928366970903465,0.19742313992039418,6719,1.0
2013-04-15/2013-04-21,score_ks,0.6636245839295636,True,0.5928366970903465,0.19742313992039418,6719,1.0
2013-04-15/2013-04-21,domain_classifier,1.0,True,0.5928366970903465,0.19742313992039418,6719,1.0
2013-04-15/2013-04-21,mmd,0.7777752798405926,True,0.5928366970903465,0.19742313992039418,6719,1.0
2013-04-15/2013-04-21,adwin_scores,0.2225535191653279,True,0.5928366970903465,0.19742313992039418,6719,1.0
2013-04-15/2013-04-21,adwin_errors,0.15301186937949035,True,0.5928366970903465,0.19742313992039418,6719,1.0
2013-04-15/2013-04-21,cbpe:roc_auc,0.19955472318080436,True,0.5928366970903465,0.19742313992039418,6719,1.0
2013-04-15/2013-04-21,da_cbpe:roc_auc,0.19386860843791576,True,0.5928366970903465,0.19742313992039418,6719,1.0
2013-04-15/2013-04-21,latest_complete_cohort:roc_auc,0.14591278745043068,True,0.5928366970903465,0.19742313992039418,6719,1.0
2013-04-15/2013-04-21,recent_arrivals:roc_auc,0.16858534281445825,True,0.5928366970903465,0.19742313992039418,6719,1.0
2013-04-15/2013-04-21,cbpe:prevalence,0.21186005356444326,True,0.5928366970903465,0.19742313992039418,6719,1.0
2013-04-15/2013-04-21,da_cbpe:prevalence,0.016787454605789925,False,0.5928366970903465,0.19742313992039418,6719,1.0
2013-04-15/2013-04-21,latest_complete_cohort:prevalence,0.028092557179003552,True,0.5928366970903465,0.19742313992039418,6719,1.0
2013-04-15/2013-04-21,recent_arrivals:prevalence,0.004804093639956208,False,0.5928366970903465,0.19742313992039418,6719,1.0
2013-04-22/2013-04-28,univariate_tests,1.0,True,0.5814083299209798,0.20885150708976086,44866,1.0
2013-04-22/2013-04-28,psi_max,6.783157843179172,True,0.5814083299209798,0.20885150708976086,44866,1.0
2013-04-22/2013-04-28,score_ks,0.3079431835457338,True,0.5814083299209798,0.20885150708976086,44866,1.0
2013-04-22/2013-04-28,domain_classifier,1.0,True,0.5814083299209798,0.20885150708976086,44866,1.0
2013-04-22/2013-04-28,mmd,0.6951563177360212,True,0.5814083299209798,0.20885150708976086,44866,1.0
2013-04-22/2013-04-28,adwin_scores,0.09528464934862341,True,0.5814083299209798,0.20885150708976086,44866,1.0
2013-04-22/2013-04-28,adwin_errors,0.11759017184403114,True,0.5814083299209798,0.20885150708976086,44866,1.0
2013-04-22/2013-04-28,cbpe:roc_auc,0.0257934794784227,True,0.5814083299209798,0.20885150708976086,44866,1.0
2013-04-22/2013-04-28,da_cbpe:roc_auc,0.03436894394921164,True,0.5814083299209798,0.20885150708976086,44866,1.0
2013-04-22/2013-04-28,latest_complete_cohort:roc_auc,0.14591278745043068,True,0.5814083299209798,0.20885150708976086,44866,1.0
2013-04-22/2013-04-28,recent_arrivals:roc_auc,0.1715096806149119,True,0.5814083299209798,0.20885150708976086,44866,1.0
2013-04-22/2013-04-28,cbpe:prevalence,0.1271649853594075,True,0.5814083299209798,0.20885150708976086,44866,1.0
2013-04-22/2013-04-28,da_cbpe:prevalence,0.047946321597896885,True,0.5814083299209798,0.20885150708976086,44866,1.0
2013-04-22/2013-04-28,latest_complete_cohort:prevalence,0.028092557179003552,True,0.5814083299209798,0.20885150708976086,44866,1.0
2013-04-22/2013-04-28,recent_arrivals:prevalence,0.00201992199841039,False,0.5814083299209798,0.20885150708976086,44866,1.0
2013-04-29/2013-05-05,univariate_tests,1.0,True,0.5424316513761468,0.24782818563459386,3808,1.0
2013-04-29/2013-05-05,psi_max,9.20227835607549,True,0.5424316513761468,0.24782818563459386,3808,1.0
2013-04-29/2013-05-05,score_ks,0.20051269084111173,True,0.5424316513761468,0.24782818563459386,3808,1.0
2013-04-29/2013-05-05,domain_classifier,1.0,True,0.5424316513761468,0.24782818563459386,3808,1.0
2013-04-29/2013-05-05,mmd,0.8991183590501386,True,0.5424316513761468,0.24782818563459386,3808,1.0
2013-04-29/2013-05-05,adwin_scores,0.008733210461028929,True,0.5424316513761468,0.24782818563459386,3808,1.0
2013-04-29/2013-05-05,adwin_errors,0.08423859962695193,True,0.5424316513761468,0.24782818563459386,3808,1.0
2013-04-29/2013-05-05,cbpe:roc_auc,0.015901384267046126,False,0.5424316513761468,0.24782818563459386,3808,1.0
2013-04-29/2013-05-05,da_cbpe:roc_auc,0.01992145811633317,False,0.5424316513761468,0.24782818563459386,3808,1.0
2013-04-29/2013-05-05,latest_complete_cohort:roc_auc,0.14591278745043068,True,0.5424316513761468,0.24782818563459386,3808,1.0
2013-04-29/2013-05-05,recent_arrivals:roc_auc,0.17279677340383903,True,0.5424316513761468,0.24782818563459386,3808,1.0
2013-04-29/2013-05-05,cbpe:prevalence,0.06063692531569237,True,0.5424316513761468,0.24782818563459386,3808,1.0
2013-04-29/2013-05-05,da_cbpe:prevalence,0.09101653826080702,True,0.5424316513761468,0.24782818563459386,3808,1.0
2013-04-29/2013-05-05,latest_complete_cohort:prevalence,0.028092557179003552,True,0.5424316513761468,0.24782818563459386,3808,1.0
2013-04-29/2013-05-05,recent_arrivals:prevalence,0.0026731033300528007,False,0.5424316513761468,0.24782818563459386,3808,1.0
