period,metric,estimator,estimate,truth,n,label_coverage,arrived_share
2007Q1,prevalence,reference,0.007853403141361256,0.02701090457896872,84624,0.9904755152202684,0.0796228020419739
2007Q1,prevalence,labels_to_date,0.004431366988088485,0.02701090457896872,84624,0.9904755152202684,0.0796228020419739
2007Q1,prevalence,latest_complete_cohort,0.014785992217898832,0.02701090457896872,84624,0.9904755152202684,0.0796228020419739
2007Q1,prevalence,cbpe,0.009234603316902982,0.02701090457896872,84624,0.9904755152202684,0.0796228020419739
2007Q1,prevalence,da_cbpe,0.013096631711372991,0.02701090457896872,84624,0.9904755152202684,0.0796228020419739
2007Q1,roc_auc,reference,0.8229454635004397,0.7714655434137117,84624,0.9904755152202684,0.0796228020419739
2007Q1,roc_auc,labels_to_date,0.7904258092084179,0.7714655434137117,84624,0.9904755152202684,0.0796228020419739
2007Q1,roc_auc,latest_complete_cohort,0.8181499034579603,0.7714655434137117,84624,0.9904755152202684,0.0796228020419739
2007Q1,roc_auc,cbpe,0.8217076892376819,0.7714655434137117,84624,0.9904755152202684,0.0796228020419739
2007Q1,roc_auc,da_cbpe,0.8150039988207096,0.7714655434137117,84624,0.9904755152202684,0.0796228020419739
2007Q2,prevalence,reference,0.007853403141361256,0.030459180594943583,83553,0.9917657056000383,0.08328845164147308
2007Q2,prevalence,labels_to_date,0.004751475111605807,0.030459180594943583,83553,0.9917657056000383,0.08328845164147308
2007Q2,prevalence,latest_complete_cohort,0.010606060606060607,0.030459180594943583,83553,0.9917657056000383,0.08328845164147308
2007Q2,prevalence,cbpe,0.009532569821852186,0.030459180594943583,83553,0.9917657056000383,0.08328845164147308
2007Q2,prevalence,da_cbpe,0.013086252652531232,0.030459180594943583,83553,0.9917657056000383,0.08328845164147308
2007Q2,roc_auc,reference,0.8229454635004397,0.7715258495725362,83553,0.9917657056000383,0.08328845164147308
2007Q2,roc_auc,labels_to_date,0.807498043493986,0.7715258495725362,83553,0.9917657056000383,0.08328845164147308
2007Q2,roc_auc,latest_complete_cohort,0.7756417268285569,0.7715258495725362,83553,0.9917657056000383,0.08328845164147308
2007Q2,roc_auc,cbpe,0.8210177141715791,0.7715258495725362,83553,0.9917657056000383,0.08328845164147308
2007Q2,roc_auc,da_cbpe,0.8195224888905829,0.7715258495725362,83553,0.9917657056000383,0.08328845164147308
2007Q3,prevalence,reference,0.007853403141361256,0.034778091855717425,83356,0.9931138730265368,0.08338931810547531
2007Q3,prevalence,labels_to_date,0.005566485915830894,0.034778091855717425,83356,0.9931138730265368,0.08338931810547531
2007Q3,prevalence,latest_complete_cohort,0.008897213767267619,0.034778091855717425,83356,0.9931138730265368,0.08338931810547531
2007Q3,prevalence,cbpe,0.009945659547025252,0.034778091855717425,83356,0.9931138730265368,0.08338931810547531
2007Q3,prevalence,da_cbpe,0.020146261404841284,0.034778091855717425,83356,0.9931138730265368,0.08338931810547531
2007Q3,roc_auc,reference,0.8229454635004397,0.7691275654363774,83356,0.9931138730265368,0.08338931810547531
2007Q3,roc_auc,labels_to_date,0.8119530429707456,0.7691275654363774,83356,0.9931138730265368,0.08338931810547531
2007Q3,roc_auc,latest_complete_cohort,0.820327750631007,0.7691275654363774,83356,0.9931138730265368,0.08338931810547531
2007Q3,roc_auc,cbpe,0.8198662252691347,0.7691275654363774,83356,0.9931138730265368,0.08338931810547531
2007Q3,roc_auc,da_cbpe,0.8197372224346653,0.7691275654363774,83356,0.9931138730265368,0.08338931810547531
2007Q4,prevalence,reference,0.007853403141361256,0.039911951815389084,83067,0.9953651871380933,0.08500367173486463
2007Q4,prevalence,labels_to_date,0.006837853780683063,0.039911951815389084,83067,0.9953651871380933,0.08500367173486463
2007Q4,prevalence,latest_complete_cohort,0.013673890608875128,0.039911951815389084,83067,0.9953651871380933,0.08500367173486463
2007Q4,prevalence,cbpe,0.01044236418376495,0.039911951815389084,83067,0.9953651871380933,0.08500367173486463
2007Q4,prevalence,da_cbpe,0.021318234618180443,0.039911951815389084,83067,0.9953651871380933,0.08500367173486463
2007Q4,roc_auc,reference,0.8229454635004397,0.7691717036836837,83067,0.9953651871380933,0.08500367173486463
2007Q4,roc_auc,labels_to_date,0.8119178546594419,0.7691717036836837,83067,0.9953651871380933,0.08500367173486463
2007Q4,roc_auc,latest_complete_cohort,0.7731604637274885,0.7691717036836837,83067,0.9953651871380933,0.08500367173486463
2007Q4,roc_auc,cbpe,0.8207901743098828,0.7691717036836837,83067,0.9953651871380933,0.08500367173486463
2007Q4,roc_auc,da_cbpe,0.8200410310376911,0.7691717036836837,83067,0.9953651871380933,0.08500367173486463
2008Q1,prevalence,reference,0.007853403141361256,0.04641879698349528,83937,0.9968547839451016,0.10904607026698596
2008Q1,prevalence,labels_to_date,0.007565197707804663,0.04641879698349528,83937,0.9968547839451016,0.10904607026698596
2008Q1,prevalence,latest_complete_cohort,0.016893595562279373,0.04641879698349528,83937,0.9968547839451016,0.10904607026698596
2008Q1,prevalence,cbpe,0.010821799652247102,0.04641879698349528,83937,0.9968547839451016,0.10904607026698596
2008Q1,prevalence,da_cbpe,0.021518836129235823,0.04641879698349528,83937,0.9968547839451016,0.10904607026698596
2008Q1,roc_auc,reference,0.8229454635004397,0.7745624372645366,83937,0.9968547839451016,0.10904607026698596
2008Q1,roc_auc,labels_to_date,0.804035889147863,0.7745624372645366,83937,0.9968547839451016,0.10904607026698596
2008Q1,roc_auc,latest_complete_cohort,0.791948184188062,0.7745624372645366,83937,0.9968547839451016,0.10904607026698596
2008Q1,roc_auc,cbpe,0.8223105811412278,0.7745624372645366,83937,0.9968547839451016,0.10904607026698596
2008Q1,roc_auc,da_cbpe,0.820068055648519,0.7745624372645366,83937,0.9968547839451016,0.10904607026698596
2008Q2,prevalence,reference,0.007853403141361256,0.052751095945305956,82524,0.9978794047792158,0.1163661480296641
2008Q2,prevalence,labels_to_date,0.008894382240317968,0.052751095945305956,82524,0.9978794047792158,0.1163661480296641
2008Q2,prevalence,latest_complete_cohort,0.018357727611014635,0.052751095945305956,82524,0.9978794047792158,0.1163661480296641
2008Q2,prevalence,cbpe,0.010801003969044584,0.052751095945305956,82524,0.9978794047792158,0.1163661480296641
2008Q2,prevalence,da_cbpe,0.02706488557068877,0.052751095945305956,82524,0.9978794047792158,0.1163661480296641
2008Q2,roc_auc,reference,0.8229454635004397,0.7742443863387423,82524,0.9978794047792158,0.1163661480296641
2008Q2,roc_auc,labels_to_date,0.8018182489015366,0.7742443863387423,82524,0.9978794047792158,0.1163661480296641
2008Q2,roc_auc,latest_complete_cohort,0.8190104433470621,0.7742443863387423,82524,0.9978794047792158,0.1163661480296641
2008Q2,roc_auc,cbpe,0.823556318626585,0.7742443863387423,82524,0.9978794047792158,0.1163661480296641
2008Q2,roc_auc,da_cbpe,0.8198831154192959,0.7742443863387423,82524,0.9978794047792158,0.1163661480296641
2008Q3,prevalence,reference,0.007853403141361256,0.05600095300494371,84101,0.9981450874543704,0.09743047050570147
2008Q3,prevalence,labels_to_date,0.011141365738814045,0.05600095300494371,84101,0.9981450874543704,0.09743047050570147
2008Q3,prevalence,latest_complete_cohort,0.01569821930646673,0.05600095300494371,84101,0.9981450874543704,0.09743047050570147
2008Q3,prevalence,cbpe,0.010153530766320862,0.05600095300494371,84101,0.9981450874543704,0.09743047050570147
2008Q3,prevalence,da_cbpe,0.04642608106118527,0.05600095300494371,84101,0.9981450874543704,0.09743047050570147
2008Q3,roc_auc,reference,0.8229454635004397,0.7763095900484209,84101,0.9981450874543704,0.09743047050570147
2008Q3,roc_auc,labels_to_date,0.8083765785181144,0.7763095900484209,84101,0.9981450874543704,0.09743047050570147
2008Q3,roc_auc,latest_complete_cohort,0.8112922651678527,0.7763095900484209,84101,0.9981450874543704,0.09743047050570147
2008Q3,roc_auc,cbpe,0.8277566777887048,0.7763095900484209,84101,0.9981450874543704,0.09743047050570147
2008Q3,roc_auc,da_cbpe,0.8234094098944147,0.7763095900484209,84101,0.9981450874543704,0.09743047050570147
2008Q4,prevalence,reference,0.007853403141361256,0.056879140746732004,84213,0.998337548834503,0.09399973875767399
2008Q4,prevalence,labels_to_date,0.014914561884744635,0.056879140746732004,84213,0.998337548834503,0.09399973875767399
2008Q4,prevalence,latest_complete_cohort,0.02969802845021213,0.056879140746732004,84213,0.998337548834503,0.09399973875767399
2008Q4,prevalence,cbpe,0.009677868170380506,0.056879140746732004,84213,0.998337548834503,0.09399973875767399
2008Q4,prevalence,da_cbpe,0.0674301066437625,0.056879140746732004,84213,0.998337548834503,0.09399973875767399
2008Q4,roc_auc,reference,0.8229454635004397,0.781862369005242,84213,0.998337548834503,0.09399973875767399
2008Q4,roc_auc,labels_to_date,0.8250955870852898,0.781862369005242,84213,0.998337548834503,0.09399973875767399
2008Q4,roc_auc,latest_complete_cohort,0.7448808226994502,0.781862369005242,84213,0.998337548834503,0.09399973875767399
2008Q4,roc_auc,cbpe,0.830195929467649,0.781862369005242,84213,0.998337548834503,0.09399973875767399
2008Q4,roc_auc,da_cbpe,0.8240988927710352,0.781862369005242,84213,0.998337548834503,0.09399973875767399
2009Q1,prevalence,reference,0.007853403141361256,0.056958267024536234,84334,0.9984347949818578,0.1467972585196955
2009Q1,prevalence,labels_to_date,0.019849645457348162,0.056958267024536234,84334,0.9984347949818578,0.1467972585196955
2009Q1,prevalence,latest_complete_cohort,0.032599837000814993,0.056958267024536234,84334,0.9984347949818578,0.1467972585196955
2009Q1,prevalence,cbpe,0.009239753125582728,0.056958267024536234,84334,0.9984347949818578,0.1467972585196955
2009Q1,prevalence,da_cbpe,0.0658164955226585,0.056958267024536234,84334,0.9984347949818578,0.1467972585196955
2009Q1,roc_auc,reference,0.8229454635004397,0.7852844563334804,84334,0.9984347949818578,0.1467972585196955
2009Q1,roc_auc,labels_to_date,0.8193065597266053,0.7852844563334804,84334,0.9984347949818578,0.1467972585196955
2009Q1,roc_auc,latest_complete_cohort,0.7805590658054854,0.7852844563334804,84334,0.9984347949818578,0.1467972585196955
2009Q1,roc_auc,cbpe,0.8317432979165477,0.7852844563334804,84334,0.9984347949818578,0.1467972585196955
2009Q1,roc_auc,da_cbpe,0.8250883340266194,0.7852844563334804,84334,0.9984347949818578,0.1467972585196955
2009Q2,prevalence,reference,0.007853403141361256,0.053292186089629434,82108,0.9984654357675257,0.19872606810542212
2009Q2,prevalence,labels_to_date,0.02221464412724704,0.053292186089629434,82108,0.9984654357675257,0.19872606810542212
2009Q2,prevalence,latest_complete_cohort,0.04101469890943575,0.053292186089629434,82108,0.9984654357675257,0.19872606810542212
2009Q2,prevalence,cbpe,0.00832431636585448,0.053292186089629434,82108,0.9984654357675257,0.19872606810542212
2009Q2,prevalence,da_cbpe,0.05143799684780517,0.053292186089629434,82108,0.9984654357675257,0.19872606810542212
2009Q2,roc_auc,reference,0.8229454635004397,0.799786931655439,82108,0.9984654357675257,0.19872606810542212
2009Q2,roc_auc,labels_to_date,0.8336662045462293,0.799786931655439,82108,0.9984654357675257,0.19872606810542212
2009Q2,roc_auc,latest_complete_cohort,0.7624363197267732,0.799786931655439,82108,0.9984654357675257,0.19872606810542212
2009Q2,roc_auc,cbpe,0.8359637802442946,0.799786931655439,82108,0.9984654357675257,0.19872606810542212
2009Q2,roc_auc,da_cbpe,0.8318489052980295,0.799786931655439,82108,0.9984654357675257,0.19872606810542212
2009Q3,prevalence,reference,0.007853403141361256,0.04420254991580467,83255,0.9986187015794847,0.18940604167917843
2009Q3,prevalence,labels_to_date,0.021920605369046903,0.04420254991580467,83255,0.9986187015794847,0.18940604167917843
2009Q3,prevalence,latest_complete_cohort,0.056686046511627904,0.04420254991580467,83255,0.9986187015794847,0.18940604167917843
2009Q3,prevalence,cbpe,0.006723417572571659,0.04420254991580467,83255,0.9986187015794847,0.18940604167917843
2009Q3,prevalence,da_cbpe,0.04136860746985615,0.04420254991580467,83255,0.9986187015794847,0.18940604167917843
2009Q3,roc_auc,reference,0.8229454635004397,0.8215241742075299,83255,0.9986187015794847,0.18940604167917843
2009Q3,roc_auc,labels_to_date,0.8500555448077936,0.8215241742075299,83255,0.9986187015794847,0.18940604167917843
2009Q3,roc_auc,latest_complete_cohort,0.7955346599414396,0.8215241742075299,83255,0.9986187015794847,0.18940604167917843
2009Q3,roc_auc,cbpe,0.8410698062978514,0.8215241742075299,83255,0.9986187015794847,0.18940604167917843
2009Q3,roc_auc,da_cbpe,0.8378395957950867,0.8215241742075299,83255,0.9986187015794847,0.18940604167917843
2009Q4,prevalence,reference,0.007853403141361256,0.033338033796328936,85254,0.9981701738334858,0.1782790250310836
2009Q4,prevalence,labels_to_date,0.018814366481338118,0.033338033796328936,85254,0.9981701738334858,0.1782790250310836
2009Q4,prevalence,latest_complete_cohort,0.07278220269156825,0.033338033796328936,85254,0.9981701738334858,0.1782790250310836
2009Q4,prevalence,cbpe,0.005281143793809976,0.033338033796328936,85254,0.9981701738334858,0.1782790250310836
2009Q4,prevalence,da_cbpe,0.0406766367362719,0.033338033796328936,85254,0.9981701738334858,0.1782790250310836
2009Q4,roc_auc,reference,0.8229454635004397,0.8306062946725999,85254,0.9981701738334858,0.1782790250310836
2009Q4,roc_auc,labels_to_date,0.8545475894841499,0.8306062946725999,85254,0.9981701738334858,0.1782790250310836
2009Q4,roc_auc,latest_complete_cohort,0.7895209246177233,0.8306062946725999,85254,0.9981701738334858,0.1782790250310836
2009Q4,roc_auc,cbpe,0.8381051046067982,0.8306062946725999,85254,0.9981701738334858,0.1782790250310836
2009Q4,roc_auc,da_cbpe,0.8304857699968831,0.8306062946725999,85254,0.9981701738334858,0.1782790250310836
2010Q1,prevalence,reference,0.007853403141361256,0.0256576187908203,83693,0.9970367892177362,0.16696736883610339
2010Q1,prevalence,labels_to_date,0.015413475440000955,0.0256576187908203,83693,0.9970367892177362,0.16696736883610339
2010Q1,prevalence,latest_complete_cohort,0.047422274695001966,0.0256576187908203,83693,0.9970367892177362,0.16696736883610339
2010Q1,prevalence,cbpe,0.004493336842258573,0.0256576187908203,83693,0.9970367892177362,0.16696736883610339
2010Q1,prevalence,da_cbpe,0.02780047728798249,0.0256576187908203,83693,0.9970367892177362,0.16696736883610339
2010Q1,roc_auc,reference,0.8229454635004397,0.8320935742952692,83693,0.9970367892177362,0.16696736883610339
2010Q1,roc_auc,labels_to_date,0.8568212924437254,0.8320935742952692,83693,0.9970367892177362,0.16696736883610339
2010Q1,roc_auc,latest_complete_cohort,0.7988001861691414,0.8320935742952692,83693,0.9970367892177362,0.16696736883610339
2010Q1,roc_auc,cbpe,0.8327891427424424,0.8320935742952692,83693,0.9970367892177362,0.16696736883610339
2010Q1,roc_auc,da_cbpe,0.8331321180190256,0.8320935742952692,83693,0.9970367892177362,0.16696736883610339
2010Q2,prevalence,reference,0.007853403141361256,0.01920410844956661,83213,0.9968514534988523,0.14757309554997416
2010Q2,prevalence,labels_to_date,0.01150060687632942,0.01920410844956661,83213,0.9968514534988523,0.14757309554997416
2010Q2,prevalence,latest_complete_cohort,0.0387278789433188,0.01920410844956661,83213,0.9968514534988523,0.14757309554997416
2010Q2,prevalence,cbpe,0.003788721105525705,0.01920410844956661,83213,0.9968514534988523,0.14757309554997416
2010Q2,prevalence,da_cbpe,0.01783011163868554,0.01920410844956661,83213,0.9968514534988523,0.14757309554997416
2010Q2,roc_auc,reference,0.8229454635004397,0.8358155773417302,83213,0.9968514534988523,0.14757309554997416
2010Q2,roc_auc,labels_to_date,0.8619583822922936,0.8358155773417302,83213,0.9968514534988523,0.14757309554997416
2010Q2,roc_auc,latest_complete_cohort,0.7834111967883974,0.8358155773417302,83213,0.9968514534988523,0.14757309554997416
2010Q2,roc_auc,cbpe,0.8250437153860534,0.8358155773417302,83213,0.9968514534988523,0.14757309554997416
2010Q2,roc_auc,da_cbpe,0.8378863657393121,0.8358155773417302,83213,0.9968514534988523,0.14757309554997416
2010Q3,prevalence,reference,0.007853403141361256,0.014018860425624164,83332,0.9963879422070753,0.12945807132914128
2010Q3,prevalence,labels_to_date,0.006888110209763356,0.014018860425624164,83332,0.9963879422070753,0.12945807132914128
2010Q3,prevalence,latest_complete_cohort,0.0420353982300885,0.014018860425624164,83332,0.9963879422070753,0.12945807132914128
2010Q3,prevalence,cbpe,0.003198008323292198,0.014018860425624164,83332,0.9963879422070753,0.12945807132914128
2010Q3,prevalence,da_cbpe,0.012651533650981253,0.014018860425624164,83332,0.9963879422070753,0.12945807132914128
2010Q3,roc_auc,reference,0.8229454635004397,0.8331730228187979,83332,0.9963879422070753,0.12945807132914128
2010Q3,roc_auc,labels_to_date,0.865955799256183,0.8331730228187979,83332,0.9963879422070753,0.12945807132914128
2010Q3,roc_auc,latest_complete_cohort,0.7830932068190105,0.8331730228187979,83332,0.9963879422070753,0.12945807132914128
2010Q3,roc_auc,cbpe,0.8146204213283577,0.8331730228187979,83332,0.9963879422070753,0.12945807132914128
2010Q3,roc_auc,da_cbpe,0.8343145882477739,0.8331730228187979,83332,0.9963879422070753,0.12945807132914128
2010Q4,prevalence,reference,0.007853403141361256,0.009949357412450432,84045,0.9961806175263251,0.12657504908084954
2010Q4,prevalence,labels_to_date,0.0036528050449164138,0.009949357412450432,84045,0.9961806175263251,0.12657504908084954
2010Q4,prevalence,latest_complete_cohort,0.031425364758698095,0.009949357412450432,84045,0.9961806175263251,0.12657504908084954
2010Q4,prevalence,cbpe,0.002730855110395241,0.009949357412450432,84045,0.9961806175263251,0.12657504908084954
2010Q4,prevalence,da_cbpe,0.00907625930431613,0.009949357412450432,84045,0.9961806175263251,0.12657504908084954
2010Q4,roc_auc,reference,0.8229454635004397,0.809354995089445,84045,0.9961806175263251,0.12657504908084954
2010Q4,roc_auc,labels_to_date,0.815277747414905,0.809354995089445,84045,0.9961806175263251,0.12657504908084954
2010Q4,roc_auc,latest_complete_cohort,0.806810866486417,0.809354995089445,84045,0.9961806175263251,0.12657504908084954
2010Q4,roc_auc,cbpe,0.8028684279865321,0.809354995089445,84045,0.9961806175263251,0.12657504908084954
2010Q4,roc_auc,da_cbpe,0.810156836687553,0.809354995089445,84045,0.9961806175263251,0.12657504908084954
2011Q1,prevalence,reference,0.007853403141361256,0.008917820141397522,84298,0.9950058127120454,0.09846022444186102
2011Q1,prevalence,labels_to_date,0.0027046905027402787,0.008917820141397522,84298,0.9950058127120454,0.09846022444186102
2011Q1,prevalence,latest_complete_cohort,0.005654829224157431,0.008917820141397522,84298,0.9950058127120454,0.09846022444186102
2011Q1,prevalence,cbpe,0.0026380574093433544,0.008917820141397522,84298,0.9950058127120454,0.09846022444186102
2011Q1,prevalence,da_cbpe,0.007407578485852197,0.008917820141397522,84298,0.9950058127120454,0.09846022444186102
2011Q1,roc_auc,reference,0.8229454635004397,0.8030731165652405,84298,0.9950058127120454,0.09846022444186102
2011Q1,roc_auc,labels_to_date,0.8073251144096711,0.8030731165652405,84298,0.9950058127120454,0.09846022444186102
2011Q1,roc_auc,latest_complete_cohort,0.8198817106460419,0.8030731165652405,84298,0.9950058127120454,0.09846022444186102
2011Q1,roc_auc,cbpe,0.8028541630069457,0.8030731165652405,84298,0.9950058127120454,0.09846022444186102
2011Q1,roc_auc,da_cbpe,0.8059115588832804,0.8030731165652405,84298,0.9950058127120454,0.09846022444186102
2011Q2,prevalence,reference,0.007853403141361256,0.009165357329905251,84565,0.9934606515697983,0.08443209365576776
2011Q2,prevalence,labels_to_date,0.0030509075858806836,0.009165357329905251,84565,0.9934606515697983,0.08443209365576776
2011Q2,prevalence,latest_complete_cohort,0.005148607535689211,0.009165357329905251,84565,0.9934606515697983,0.08443209365576776
2011Q2,prevalence,cbpe,0.0026944013161591287,0.009165357329905251,84565,0.9934606515697983,0.08443209365576776
2011Q2,prevalence,da_cbpe,0.010247241299850602,0.009165357329905251,84565,0.9934606515697983,0.08443209365576776
2011Q2,roc_auc,reference,0.8229454635004397,0.8040841957590714,84565,0.9934606515697983,0.08443209365576776
2011Q2,roc_auc,labels_to_date,0.818833608582439,0.8040841957590714,84565,0.9934606515697983,0.08443209365576776
2011Q2,roc_auc,latest_complete_cohort,0.654113470627232,0.8040841957590714,84565,0.9934606515697983,0.08443209365576776
2011Q2,roc_auc,cbpe,0.8056737411287637,0.8040841957590714,84565,0.9934606515697983,0.08443209365576776
2011Q2,roc_auc,da_cbpe,0.8053040104217979,0.8040841957590714,84565,0.9934606515697983,0.08443209365576776
2011Q3,prevalence,reference,0.007853403141361256,0.00921873089619758,82381,0.9928260157075054,0.08722885131280271
2011Q3,prevalence,labels_to_date,0.0028647382284750123,0.00921873089619758,82381,0.9928260157075054,0.08722885131280271
2011Q3,prevalence,latest_complete_cohort,0.011774150388011774,0.00921873089619758,82381,0.9928260157075054,0.08722885131280271
2011Q3,prevalence,cbpe,0.0027198816704112777,0.00921873089619758,82381,0.9928260157075054,0.08722885131280271
2011Q3,prevalence,da_cbpe,0.011574878467034143,0.00921873089619758,82381,0.9928260157075054,0.08722885131280271
2011Q3,roc_auc,reference,0.8229454635004397,0.8042068983192852,82381,0.9928260157075054,0.08722885131280271
2011Q3,roc_auc,labels_to_date,0.8092446077677855,0.8042068983192852,82381,0.9928260157075054,0.08722885131280271
2011Q3,roc_auc,latest_complete_cohort,0.80625507717303,0.8042068983192852,82381,0.9928260157075054,0.08722885131280271
2011Q3,roc_auc,cbpe,0.8075619754354577,0.8042068983192852,82381,0.9928260157075054,0.08722885131280271
2011Q3,roc_auc,da_cbpe,0.8029628090759925,0.8042068983192852,82381,0.9928260157075054,0.08722885131280271
2011Q4,prevalence,reference,0.007853403141361256,0.009138921339563863,82861,0.9917331434571149,0.10466926539626603
2011Q4,prevalence,labels_to_date,0.0030291693317724866,0.009138921339563863,82861,0.9917331434571149,0.10466926539626603
2011Q4,prevalence,latest_complete_cohort,0.00626808100289296,0.009138921339563863,82861,0.9917331434571149,0.10466926539626603
2011Q4,prevalence,cbpe,0.0027200005087896603,0.009138921339563863,82861,0.9917331434571149,0.10466926539626603
2011Q4,prevalence,da_cbpe,0.009325373854296097,0.009138921339563863,82861,0.9917331434571149,0.10466926539626603
2011Q4,roc_auc,reference,0.8229454635004397,0.808139927645342,82861,0.9917331434571149,0.10466926539626603
2011Q4,roc_auc,labels_to_date,0.8105443134856772,0.808139927645342,82861,0.9917331434571149,0.10466926539626603
2011Q4,roc_auc,latest_complete_cohort,0.7720253424401895,0.808139927645342,82861,0.9917331434571149,0.10466926539626603
2011Q4,roc_auc,cbpe,0.8077053546788792,0.808139927645342,82861,0.9917331434571149,0.10466926539626603
2011Q4,roc_auc,da_cbpe,0.8075045560358987,0.808139927645342,82861,0.9917331434571149,0.10466926539626603
2012Q1,prevalence,reference,0.007853403141361256,0.008644766591302035,83498,0.9905506718723802,0.11124817360894872
2012Q1,prevalence,labels_to_date,0.003137799707777432,0.008644766591302035,83498,0.9905506718723802,0.11124817360894872
2012Q1,prevalence,latest_complete_cohort,0.007766470273165506,0.008644766591302035,83498,0.9905506718723802,0.11124817360894872
2012Q1,prevalence,cbpe,0.0026027760733762966,0.008644766591302035,83498,0.9905506718723802,0.11124817360894872
2012Q1,prevalence,da_cbpe,0.00882157640444953,0.008644766591302035,83498,0.9905506718723802,0.11124817360894872
2012Q1,roc_auc,reference,0.8229454635004397,0.8109200127384386,83498,0.9905506718723802,0.11124817360894872
2012Q1,roc_auc,labels_to_date,0.804962455690231,0.8109200127384386,83498,0.9905506718723802,0.11124817360894872
2012Q1,roc_auc,latest_complete_cohort,0.8119409930662199,0.8109200127384386,83498,0.9905506718723802,0.11124817360894872
2012Q1,roc_auc,cbpe,0.8060183545828272,0.8109200127384386,83498,0.9905506718723802,0.11124817360894872
2012Q1,roc_auc,da_cbpe,0.8047375060556279,0.8109200127384386,83498,0.9905506718723802,0.11124817360894872
2012Q2,prevalence,reference,0.007853403141361256,0.007875929797267733,83256,0.9882290765830691,0.10804026136254444
2012Q2,prevalence,labels_to_date,0.0029187085615451137,0.007875929797267733,83256,0.9882290765830691,0.10804026136254444
2012Q2,prevalence,latest_complete_cohort,0.0050264550264550265,0.007875929797267733,83256,0.9882290765830691,0.10804026136254444
2012Q2,prevalence,cbpe,0.002492136433992247,0.007875929797267733,83256,0.9882290765830691,0.10804026136254444
2012Q2,prevalence,da_cbpe,0.008709589803927354,0.007875929797267733,83256,0.9882290765830691,0.10804026136254444
2012Q2,roc_auc,reference,0.8229454635004397,0.8129607056583706,83256,0.9882290765830691,0.10804026136254444
2012Q2,roc_auc,labels_to_date,0.7897601838256381,0.8129607056583706,83256,0.9882290765830691,0.10804026136254444
2012Q2,roc_auc,latest_complete_cohort,0.7899494815208721,0.8129607056583706,83256,0.9882290765830691,0.10804026136254444
2012Q2,roc_auc,cbpe,0.8045266990684665,0.8129607056583706,83256,0.9882290765830691,0.10804026136254444
2012Q2,roc_auc,da_cbpe,0.7994308877221996,0.8129607056583706,83256,0.9882290765830691,0.10804026136254444
2012Q3,prevalence,reference,0.007853403141361256,0.007704588887007427,83934,0.9850358615102343,0.1169728596278028
2012Q3,prevalence,labels_to_date,0.0027521624133247553,0.007704588887007427,83934,0.9850358615102343,0.1169728596278028
2012Q3,prevalence,latest_complete_cohort,0.005367561260210035,0.007704588887007427,83934,0.9850358615102343,0.1169728596278028
2012Q3,prevalence,cbpe,0.0025332519091480696,0.007704588887007427,83934,0.9850358615102343,0.1169728596278028
2012Q3,prevalence,da_cbpe,0.009612090115378742,0.007704588887007427,83934,0.9850358615102343,0.1169728596278028
2012Q3,roc_auc,reference,0.8229454635004397,0.8142661161665596,83934,0.9850358615102343,0.1169728596278028
2012Q3,roc_auc,labels_to_date,0.8057232144182433,0.8142661161665596,83934,0.9850358615102343,0.1169728596278028
2012Q3,roc_auc,latest_complete_cohort,0.8731663028176198,0.8142661161665596,83934,0.9850358615102343,0.1169728596278028
2012Q3,roc_auc,cbpe,0.8067498065749739,0.8142661161665596,83934,0.9850358615102343,0.1169728596278028
2012Q3,roc_auc,da_cbpe,0.8076507946142713,0.8142661161665596,83934,0.9850358615102343,0.1169728596278028
2012Q4,prevalence,reference,0.007853403141361256,0.00800186546556866,82768,0.9844505122752755,0.13257539145563502
2012Q4,prevalence,labels_to_date,0.0030084090469746764,0.00800186546556866,82768,0.9844505122752755,0.13257539145563502
2012Q4,prevalence,latest_complete_cohort,0.007959479015918957,0.00800186546556866,82768,0.9844505122752755,0.13257539145563502
2012Q4,prevalence,cbpe,0.0026719988475964796,0.00800186546556866,82768,0.9844505122752755,0.13257539145563502
2012Q4,prevalence,da_cbpe,0.008744609188622835,0.00800186546556866,82768,0.9844505122752755,0.13257539145563502
2012Q4,roc_auc,reference,0.8229454635004397,0.8155759712980376,82768,0.9844505122752755,0.13257539145563502
2012Q4,roc_auc,labels_to_date,0.805236530411324,0.8155759712980376,82768,0.9844505122752755,0.13257539145563502
2012Q4,roc_auc,latest_complete_cohort,0.8250226554384104,0.8155759712980376,82768,0.9844505122752755,0.13257539145563502
2012Q4,roc_auc,cbpe,0.8088344345866446,0.8155759712980376,82768,0.9844505122752755,0.13257539145563502
2012Q4,roc_auc,da_cbpe,0.8102048427257236,0.8155759712980376,82768,0.9844505122752755,0.13257539145563502
2013Q1,prevalence,reference,0.007853403141361256,0.0076305958723743034,82926,0.9845524925837493,0.13080336685719798
2013Q1,prevalence,labels_to_date,0.003075030750307503,0.0076305958723743034,82926,0.9845524925837493,0.13080336685719798
2013Q1,prevalence,latest_complete_cohort,0.010274923632324354,0.0076305958723743034,82926,0.9845524925837493,0.13080336685719798
2013Q1,prevalence,cbpe,0.00267407007152912,0.0076305958723743034,82926,0.9845524925837493,0.13080336685719798
2013Q1,prevalence,da_cbpe,0.012573994549067534,0.0076305958723743034,82926,0.9845524925837493,0.13080336685719798
2013Q1,roc_auc,reference,0.8229454635004397,0.8239157087627706,82926,0.9845524925837493,0.13080336685719798
2013Q1,roc_auc,labels_to_date,0.818405747706299,0.8239157087627706,82926,0.9845524925837493,0.13080336685719798
2013Q1,roc_auc,latest_complete_cohort,0.7535376285376285,0.8239157087627706,82926,0.9845524925837493,0.13080336685719798
2013Q1,roc_auc,cbpe,0.8083256758759687,0.8239157087627706,82926,0.9845524925837493,0.13080336685719798
2013Q1,roc_auc,da_cbpe,0.810664100781801,0.8239157087627706,82926,0.9845524925837493,0.13080336685719798
2013Q2,prevalence,reference,0.007853403141361256,0.00700764910921766,83884,0.9849792570692861,0.11681607934767059
2013Q2,prevalence,labels_to_date,0.0025749845024080876,0.00700764910921766,83884,0.9849792570692861,0.11681607934767059
2013Q2,prevalence,latest_complete_cohort,0.008248556502612043,0.00700764910921766,83884,0.9849792570692861,0.11681607934767059
2013Q2,prevalence,cbpe,0.0026685832066184875,0.00700764910921766,83884,0.9849792570692861,0.11681607934767059
2013Q2,prevalence,da_cbpe,0.009229401303161503,0.00700764910921766,83884,0.9849792570692861,0.11681607934767059
2013Q2,roc_auc,reference,0.8229454635004397,0.8255185794139047,83884,0.9849792570692861,0.11681607934767059
2013Q2,roc_auc,labels_to_date,0.8192156687631361,0.8255185794139047,83884,0.9849792570692861,0.11681607934767059
2013Q2,roc_auc,latest_complete_cohort,0.7406801589501895,0.8255185794139047,83884,0.9849792570692861,0.11681607934767059
2013Q2,roc_auc,cbpe,0.8089218948043981,0.8255185794139047,83884,0.9849792570692861,0.11681607934767059
2013Q2,roc_auc,da_cbpe,0.8141437592693884,0.8255185794139047,83884,0.9849792570692861,0.11681607934767059
2013Q3,prevalence,reference,0.007853403141361256,0.006563181155842436,84318,0.9848312341374321,0.08912687682345406
2013Q3,prevalence,labels_to_date,0.0025380108636352855,0.006563181155842436,84318,0.9848312341374321,0.08912687682345406
2013Q3,prevalence,latest_complete_cohort,0.0037343291544411844,0.006563181155842436,84318,0.9848312341374321,0.08912687682345406
2013Q3,prevalence,cbpe,0.002726223867611304,0.006563181155842436,84318,0.9848312341374321,0.08912687682345406
2013Q3,prevalence,da_cbpe,0.016066451662622654,0.006563181155842436,84318,0.9848312341374321,0.08912687682345406
2013Q3,roc_auc,reference,0.8229454635004397,0.8226865651391272,84318,0.9848312341374321,0.08912687682345406
2013Q3,roc_auc,labels_to_date,0.8117566224194166,0.8226865651391272,84318,0.9848312341374321,0.08912687682345406
2013Q3,roc_auc,latest_complete_cohort,0.7691336775674125,0.8226865651391272,84318,0.9848312341374321,0.08912687682345406
2013Q3,roc_auc,cbpe,0.8103243847003953,0.8226865651391272,84318,0.9848312341374321,0.08912687682345406
2013Q3,roc_auc,da_cbpe,0.8106125289815047,0.8226865651391272,84318,0.9848312341374321,0.08912687682345406
2013Q4,prevalence,reference,0.007853403141361256,0.0066421639281253,84510,0.9851615193468228,0.06073837415690451
2013Q4,prevalence,labels_to_date,0.0026505738965802864,0.0066421639281253,84510,0.9851615193468228,0.06073837415690451
2013Q4,prevalence,latest_complete_cohort,0.004232013940751805,0.0066421639281253,84510,0.9851615193468228,0.06073837415690451
2013Q4,prevalence,cbpe,0.0029061702462398926,0.0066421639281253,84510,0.9851615193468228,0.06073837415690451
2013Q4,prevalence,da_cbpe,0.01032548706135624,0.0066421639281253,84510,0.9851615193468228,0.06073837415690451
2013Q4,roc_auc,reference,0.8229454635004397,0.8144879915077283,84510,0.9851615193468228,0.06073837415690451
2013Q4,roc_auc,labels_to_date,0.8014494283493954,0.8144879915077283,84510,0.9851615193468228,0.06073837415690451
2013Q4,roc_auc,latest_complete_cohort,0.8315808823529411,0.8144879915077283,84510,0.9851615193468228,0.06073837415690451
2013Q4,roc_auc,cbpe,0.8102573858061082,0.8144879915077283,84510,0.9851615193468228,0.06073837415690451
2013Q4,roc_auc,da_cbpe,0.8083251617910009,0.8144879915077283,84510,0.9851615193468228,0.06073837415690451
2014Q1,prevalence,reference,0.007853403141361256,0.0069955460883036405,83648,0.9877582249426167,0.04443620887528692
2014Q1,prevalence,labels_to_date,0.002833301453710788,0.0069955460883036405,83648,0.9877582249426167,0.04443620887528692
2014Q1,prevalence,latest_complete_cohort,0.004819277108433735,0.0069955460883036405,83648,0.9877582249426167,0.04443620887528692
2014Q1,prevalence,cbpe,0.003098206209810132,0.0069955460883036405,83648,0.9877582249426167,0.04443620887528692
2014Q1,prevalence,da_cbpe,0.009071273559499896,0.0069955460883036405,83648,0.9877582249426167,0.04443620887528692
2014Q1,roc_auc,reference,0.8229454635004397,0.8055775973255614,83648,0.9877582249426167,0.04443620887528692
2014Q1,roc_auc,labels_to_date,0.7851219625334505,0.8055775973255614,83648,0.9877582249426167,0.04443620887528692
2014Q1,roc_auc,latest_complete_cohort,0.8548062953995157,0.8055775973255614,83648,0.9877582249426167,0.04443620887528692
2014Q1,roc_auc,cbpe,0.8104997991310808,0.8055775973255614,83648,0.9877582249426167,0.04443620887528692
2014Q1,roc_auc,da_cbpe,0.8032202493487088,0.8055775973255614,83648,0.9877582249426167,0.04443620887528692
2014Q2,prevalence,reference,0.007853403141361256,0.00702553300295876,82949,0.9901144076480729,0.0402174830317424
2014Q2,prevalence,labels_to_date,0.0024231756862650544,0.00702553300295876,82949,0.9901144076480729,0.0402174830317424
2014Q2,prevalence,latest_complete_cohort,0.007004830917874396,0.00702553300295876,82949,0.9901144076480729,0.0402174830317424
2014Q2,prevalence,cbpe,0.003236582907274275,0.00702553300295876,82949,0.9901144076480729,0.0402174830317424
2014Q2,prevalence,da_cbpe,0.006917628302348461,0.00702553300295876,82949,0.9901144076480729,0.0402174830317424
2014Q2,roc_auc,reference,0.8229454635004397,0.8050928750014026,82949,0.9901144076480729,0.0402174830317424
2014Q2,roc_auc,labels_to_date,0.7933611057200102,0.8050928750014026,82949,0.9901144076480729,0.0402174830317424
2014Q2,roc_auc,latest_complete_cohort,0.8347369127404188,0.8050928750014026,82949,0.9901144076480729,0.0402174830317424
2014Q2,roc_auc,cbpe,0.8099662680808677,0.8050928750014026,82949,0.9901144076480729,0.0402174830317424
2014Q2,roc_auc,da_cbpe,0.8069609042892201,0.8050928750014026,82949,0.9901144076480729,0.0402174830317424
2014Q3,prevalence,reference,0.007853403141361256,0.00708781622564699,83323,0.990554828798771,0.04277330388968232
2014Q3,prevalence,labels_to_date,0.0021002604322936046,0.00708781622564699,83323,0.990554828798771,0.04277330388968232
2014Q3,prevalence,latest_complete_cohort,0.004492787893118941,0.00708781622564699,83323,0.990554828798771,0.04277330388968232
2014Q3,prevalence,cbpe,0.0033472097133070873,0.00708781622564699,83323,0.990554828798771,0.04277330388968232
2014Q3,prevalence,da_cbpe,0.006786840340483751,0.00708781622564699,83323,0.990554828798771,0.04277330388968232
2014Q3,roc_auc,reference,0.8229454635004397,0.8010742087178007,83323,0.990554828798771,0.04277330388968232
2014Q3,roc_auc,labels_to_date,0.7877038533698947,0.8010742087178007,83323,0.990554828798771,0.04277330388968232
2014Q3,roc_auc,latest_complete_cohort,0.8286035754469309,0.8010742087178007,83323,0.990554828798771,0.04277330388968232
2014Q3,roc_auc,cbpe,0.8080501134574251,0.8010742087178007,83323,0.990554828798771,0.04277330388968232
2014Q3,roc_auc,da_cbpe,0.8055423720837596,0.8010742087178007,83323,0.990554828798771,0.04277330388968232
2014Q4,prevalence,reference,0.007853403141361256,0.00721755425255395,83540,0.990124491261671,0.051065357912377304
2014Q4,prevalence,labels_to_date,0.0021307158247546084,0.00721755425255395,83540,0.990124491261671,0.051065357912377304
2014Q4,prevalence,latest_complete_cohort,0.004217185028993147,0.00721755425255395,83540,0.990124491261671,0.051065357912377304
2014Q4,prevalence,cbpe,0.0034605003272708385,0.00721755425255395,83540,0.990124491261671,0.051065357912377304
2014Q4,prevalence,da_cbpe,0.007718947287467167,0.00721755425255395,83540,0.990124491261671,0.051065357912377304
2014Q4,roc_auc,reference,0.8229454635004397,0.7986580715261933,83540,0.990124491261671,0.051065357912377304
2014Q4,roc_auc,labels_to_date,0.7797431616108328,0.7986580715261933,83540,0.990124491261671,0.051065357912377304
2014Q4,roc_auc,latest_complete_cohort,0.8443290100582318,0.7986580715261933,83540,0.990124491261671,0.051065357912377304
2014Q4,roc_auc,cbpe,0.8057528363873897,0.7986580715261933,83540,0.990124491261671,0.051065357912377304
2014Q4,roc_auc,da_cbpe,0.8006799667547679,0.7986580715261933,83540,0.990124491261671,0.051065357912377304
2015Q1,prevalence,reference,0.007853403141361256,0.007320004370151863,83271,0.989263969449148,0.07351899220617021
2015Q1,prevalence,labels_to_date,0.0021496079067142224,0.007320004370151863,83271,0.989263969449148,0.07351899220617021
2015Q1,prevalence,latest_complete_cohort,0.0036135870874488074,0.007320004370151863,83271,0.989263969449148,0.07351899220617021
2015Q1,prevalence,cbpe,0.0035106682802848376,0.007320004370151863,83271,0.989263969449148,0.07351899220617021
2015Q1,prevalence,da_cbpe,0.006915694912640852,0.007320004370151863,83271,0.989263969449148,0.07351899220617021
2015Q1,roc_auc,reference,0.8229454635004397,0.792130505217612,83271,0.989263969449148,0.07351899220617021
2015Q1,roc_auc,labels_to_date,0.7938932937496487,0.792130505217612,83271,0.989263969449148,0.07351899220617021
2015Q1,roc_auc,latest_complete_cohort,0.8299645390070922,0.792130505217612,83271,0.989263969449148,0.07351899220617021
2015Q1,roc_auc,cbpe,0.8019798702212099,0.792130505217612,83271,0.989263969449148,0.07351899220617021
2015Q1,roc_auc,da_cbpe,0.8012463089566554,0.792130505217612,83271,0.989263969449148,0.07351899220617021
2015Q2,prevalence,reference,0.007853403141361256,0.007576224966992831,82007,0.9882449059226651,0.09315058470618362
2015Q2,prevalence,labels_to_date,0.0023534576316655894,0.007576224966992831,82007,0.9882449059226651,0.09315058470618362
2015Q2,prevalence,latest_complete_cohort,0.0039242843951985225,0.007576224966992831,82007,0.9882449059226651,0.09315058470618362
2015Q2,prevalence,cbpe,0.003526324421557127,0.007576224966992831,82007,0.9882449059226651,0.09315058470618362
2015Q2,prevalence,da_cbpe,0.006034216304486564,0.007576224966992831,82007,0.9882449059226651,0.09315058470618362
2015Q2,roc_auc,reference,0.8229454635004397,0.7802123753877973,82007,0.9882449059226651,0.09315058470618362
2015Q2,roc_auc,labels_to_date,0.7981652683434217,0.7802123753877973,82007,0.9882449059226651,0.09315058470618362
2015Q2,roc_auc,latest_complete_cohort,0.802631040828846,0.7802123753877973,82007,0.9882449059226651,0.09315058470618362
2015Q2,roc_auc,cbpe,0.7994889035436485,0.7802123753877973,82007,0.9882449059226651,0.09315058470618362
2015Q2,roc_auc,da_cbpe,0.7997480094727086,0.7802123753877973,82007,0.9882449059226651,0.09315058470618362
2015Q3,prevalence,reference,0.007853403141361256,0.007375394011032309,82461,0.9849019536508168,0.09526927881058925
2015Q3,prevalence,labels_to_date,0.002413262026897564,0.007375394011032309,82461,0.9849019536508168,0.09526927881058925
2015Q3,prevalence,latest_complete_cohort,0.005649717514124294,0.007375394011032309,82461,0.9849019536508168,0.09526927881058925
2015Q3,prevalence,cbpe,0.0034605001196785896,0.007375394011032309,82461,0.9849019536508168,0.09526927881058925
2015Q3,prevalence,da_cbpe,0.0056831158711849045,0.007375394011032309,82461,0.9849019536508168,0.09526927881058925
2015Q3,roc_auc,reference,0.8229454635004397,0.7794549292339095,82461,0.9849019536508168,0.09526927881058925
2015Q3,roc_auc,labels_to_date,0.7902534786206445,0.7794549292339095,82461,0.9849019536508168,0.09526927881058925
2015Q3,roc_auc,latest_complete_cohort,0.8515262502148135,0.7794549292339095,82461,0.9849019536508168,0.09526927881058925
2015Q3,roc_auc,cbpe,0.7981360558354167,0.7794549292339095,82461,0.9849019536508168,0.09526927881058925
2015Q3,roc_auc,da_cbpe,0.7929215265535141,0.7794549292339095,82461,0.9849019536508168,0.09526927881058925
2015Q4,prevalence,reference,0.007853403141361256,0.007096963330320279,83466,0.9808305178156375,0.090851364627513
2015Q4,prevalence,labels_to_date,0.0022763760093930463,0.007096963330320279,83466,0.9808305178156375,0.090851364627513
2015Q4,prevalence,latest_complete_cohort,0.007153428712382831,0.007096963330320279,83466,0.9808305178156375,0.090851364627513
2015Q4,prevalence,cbpe,0.0033337542562612856,0.007096963330320279,83466,0.9808305178156375,0.090851364627513
2015Q4,prevalence,da_cbpe,0.005406278743394436,0.007096963330320279,83466,0.9808305178156375,0.090851364627513
2015Q4,roc_auc,reference,0.8229454635004397,0.776546853853608,83466,0.9808305178156375,0.090851364627513
2015Q4,roc_auc,labels_to_date,0.7799762236418656,0.776546853853608,83466,0.9808305178156375,0.090851364627513
2015Q4,roc_auc,latest_complete_cohort,0.7962561576354679,0.776546853853608,83466,0.9808305178156375,0.090851364627513
2015Q4,roc_auc,cbpe,0.7942745032816579,0.776546853853608,83466,0.9808305178156375,0.090851364627513
2015Q4,roc_auc,da_cbpe,0.785565978981726,0.776546853853608,83466,0.9808305178156375,0.090851364627513
2016Q1,prevalence,reference,0.007853403141361256,0.006698726878490182,84471,0.9772939825502244,0.0846325958021096
2016Q1,prevalence,labels_to_date,0.0022019391270376816,0.006698726878490182,84471,0.9772939825502244,0.0846325958021096
2016Q1,prevalence,latest_complete_cohort,0.00541858574911948,0.006698726878490182,84471,0.9772939825502244,0.0846325958021096
2016Q1,prevalence,cbpe,0.0032424428188929434,0.006698726878490182,84471,0.9772939825502244,0.0846325958021096
2016Q1,prevalence,da_cbpe,0.005782127234861144,0.006698726878490182,84471,0.9772939825502244,0.0846325958021096
2016Q1,roc_auc,reference,0.8229454635004397,0.7792724055043444,84471,0.9772939825502244,0.0846325958021096
2016Q1,roc_auc,labels_to_date,0.7786610138030148,0.7792724055043444,84471,0.9772939825502244,0.0846325958021096
2016Q1,roc_auc,latest_complete_cohort,0.7615772269136475,0.7792724055043444,84471,0.9772939825502244,0.0846325958021096
2016Q1,roc_auc,cbpe,0.7910036442874614,0.7792724055043444,84471,0.9772939825502244,0.0846325958021096
2016Q1,roc_auc,da_cbpe,0.7848203427492362,0.7792724055043444,84471,0.9772939825502244,0.0846325958021096
2016Q2,prevalence,reference,0.007853403141361256,0.00695170716702553,83215,0.9766868953914559,0.08403533016883975
2016Q2,prevalence,labels_to_date,0.001826593763143664,0.00695170716702553,83215,0.9766868953914559,0.08403533016883975
2016Q2,prevalence,latest_complete_cohort,0.0050916496945010185,0.00695170716702553,83215,0.9766868953914559,0.08403533016883975
2016Q2,prevalence,cbpe,0.0032018305482977363,0.00695170716702553,83215,0.9766868953914559,0.08403533016883975
2016Q2,prevalence,da_cbpe,0.004700016405305559,0.00695170716702553,83215,0.9766868953914559,0.08403533016883975
2016Q2,roc_auc,reference,0.8229454635004397,0.77509111064085,83215,0.9766868953914559,0.08403533016883975
2016Q2,roc_auc,labels_to_date,0.7587239584158378,0.77509111064085,83215,0.9766868953914559,0.08403533016883975
2016Q2,roc_auc,latest_complete_cohort,0.8519831115660184,0.77509111064085,83215,0.9766868953914559,0.08403533016883975
2016Q2,roc_auc,cbpe,0.7895288920595733,0.77509111064085,83215,0.9766868953914559,0.08403533016883975
2016Q2,roc_auc,da_cbpe,0.7778331531718549,0.77509111064085,83215,0.9766868953914559,0.08403533016883975
2016Q3,prevalence,reference,0.007853403141361256,0.007227308105704014,82875,0.9766877828054299,0.08869984917043741
2016Q3,prevalence,labels_to_date,0.0017013574660633484,0.007227308105704014,82875,0.9766877828054299,0.08869984917043741
2016Q3,prevalence,latest_complete_cohort,0.003150751333010179,0.007227308105704014,82875,0.9766877828054299,0.08869984917043741
2016Q3,prevalence,cbpe,0.003207968758977752,0.007227308105704014,82875,0.9766877828054299,0.08869984917043741
2016Q3,prevalence,da_cbpe,0.004393850649773296,0.007227308105704014,82875,0.9766877828054299,0.08869984917043741
2016Q3,roc_auc,reference,0.8229454635004397,0.7786942534721225,82875,0.9766877828054299,0.08869984917043741
2016Q3,roc_auc,labels_to_date,0.7635302885587185,0.7786942534721225,82875,0.9766877828054299,0.08869984917043741
2016Q3,roc_auc,latest_complete_cohort,0.7110194692251586,0.7786942534721225,82875,0.9766877828054299,0.08869984917043741
2016Q3,roc_auc,cbpe,0.7894527045292136,0.7786942534721225,82875,0.9766877828054299,0.08869984917043741
2016Q3,roc_auc,da_cbpe,0.780604662271101,0.7786942534721225,82875,0.9766877828054299,0.08869984917043741
2016Q4,prevalence,reference,0.007853403141361256,0.007408408482197705,83136,0.9790463818321786,0.08846949576597382
2016Q4,prevalence,labels_to_date,0.0017321016166281756,0.007408408482197705,83136,0.9790463818321786,0.08846949576597382
2016Q4,prevalence,latest_complete_cohort,0.003749062734316421,0.007408408482197705,83136,0.9790463818321786,0.08846949576597382
2016Q4,prevalence,cbpe,0.003201011963977858,0.007408408482197705,83136,0.9790463818321786,0.08846949576597382
2016Q4,prevalence,da_cbpe,0.004748489880615013,0.007408408482197705,83136,0.9790463818321786,0.08846949576597382
2016Q4,roc_auc,reference,0.8229454635004397,0.7783656837628232,83136,0.9790463818321786,0.08846949576597382
2016Q4,roc_auc,labels_to_date,0.7694386205899364,0.7783656837628232,83136,0.9790463818321786,0.08846949576597382
2016Q4,roc_auc,latest_complete_cohort,0.8419802642582372,0.7783656837628232,83136,0.9790463818321786,0.08846949576597382
2016Q4,roc_auc,cbpe,0.7895050304528417,0.7783656837628232,83136,0.9790463818321786,0.08846949576597382
2016Q4,roc_auc,da_cbpe,0.7842952393538986,0.7783656837628232,83136,0.9790463818321786,0.08846949576597382
2017Q1,prevalence,reference,0.007853403141361256,0.007743069771922641,84570,0.981932127231879,0.07838477001300698
2017Q1,prevalence,labels_to_date,0.001797327657561783,0.007743069771922641,84570,0.981932127231879,0.07838477001300698
2017Q1,prevalence,latest_complete_cohort,0.004031242126480222,0.007743069771922641,84570,0.981932127231879,0.07838477001300698
2017Q1,prevalence,cbpe,0.0031781830476552827,0.007743069771922641,84570,0.981932127231879,0.07838477001300698
2017Q1,prevalence,da_cbpe,0.005578277882292927,0.007743069771922641,84570,0.981932127231879,0.07838477001300698
2017Q1,roc_auc,reference,0.8229454635004397,0.7861571214843406,84570,0.981932127231879,0.07838477001300698
2017Q1,roc_auc,labels_to_date,0.8083381054302462,0.7861571214843406,84570,0.981932127231879,0.07838477001300698
2017Q1,roc_auc,latest_complete_cohort,0.679815962560081,0.7861571214843406,84570,0.981932127231879,0.07838477001300698
2017Q1,roc_auc,cbpe,0.787817377514756,0.7861571214843406,84570,0.981932127231879,0.07838477001300698
2017Q1,roc_auc,da_cbpe,0.7948056201063015,0.7861571214843406,84570,0.981932127231879,0.07838477001300698
2017Q2,prevalence,reference,0.007853403141361256,0.008345719924949438,83335,0.9849163016739665,0.0751544969100618
2017Q2,prevalence,labels_to_date,0.0018119637607247855,0.008345719924949438,83335,0.9849163016739665,0.0751544969100618
2017Q2,prevalence,latest_complete_cohort,0.002967359050445104,0.008345719924949438,83335,0.9849163016739665,0.0751544969100618
2017Q2,prevalence,cbpe,0.0032073726116697413,0.008345719924949438,83335,0.9849163016739665,0.0751544969100618
2017Q2,prevalence,da_cbpe,0.004218712485434296,0.008345719924949438,83335,0.9849163016739665,0.0751544969100618
2017Q2,roc_auc,reference,0.8229454635004397,0.7793359532254114,83335,0.9849163016739665,0.0751544969100618
2017Q2,roc_auc,labels_to_date,0.8132958101978347,0.7793359532254114,83335,0.9849163016739665,0.0751544969100618
2017Q2,roc_auc,latest_complete_cohort,0.6872519841269841,0.7793359532254114,83335,0.9849163016739665,0.0751544969100618
2017Q2,roc_auc,cbpe,0.7872095011470167,0.7793359532254114,83335,0.9849163016739665,0.0751544969100618
2017Q2,roc_auc,da_cbpe,0.7980951295352965,0.7793359532254114,83335,0.9849163016739665,0.0751544969100618
2017Q3,prevalence,reference,0.007853403141361256,0.008755518055198894,82631,0.9896648957413078,0.07301133956989507
2017Q3,prevalence,labels_to_date,0.0016216674129563965,0.008755518055198894,82631,0.9896648957413078,0.07301133956989507
2017Q3,prevalence,latest_complete_cohort,0.00597460791635549,0.008755518055198894,82631,0.9896648957413078,0.07301133956989507
2017Q3,prevalence,cbpe,0.0032717234901456053,0.008755518055198894,82631,0.9896648957413078,0.07301133956989507
2017Q3,prevalence,da_cbpe,0.003656933014398413,0.008755518055198894,82631,0.9896648957413078,0.07301133956989507
2017Q3,roc_auc,reference,0.8229454635004397,0.77456280941334,82631,0.9896648957413078,0.07301133956989507
2017Q3,roc_auc,labels_to_date,0.8221797843756959,0.77456280941334,82631,0.9896648957413078,0.07301133956989507
2017Q3,roc_auc,latest_complete_cohort,0.7916562317388764,0.77456280941334,82631,0.9896648957413078,0.07301133956989507
2017Q3,roc_auc,cbpe,0.786704327709842,0.77456280941334,82631,0.9896648957413078,0.07301133956989507
2017Q3,roc_auc,da_cbpe,0.8026090198379006,0.77456280941334,82631,0.9896648957413078,0.07301133956989507
2017Q4,prevalence,reference,0.007853403141361256,0.009515968909658829,83161,0.993229999639254,0.0712713892329337
2017Q4,prevalence,labels_to_date,0.004028330587655271,0.009515968909658829,83161,0.993229999639254,0.0712713892329337
2017Q4,prevalence,latest_complete_cohort,0.010156464452374416,0.009515968909658829,83161,0.993229999639254,0.0712713892329337
2017Q4,prevalence,cbpe,0.0033447862824572995,0.009515968909658829,83161,0.993229999639254,0.0712713892329337
2017Q4,prevalence,da_cbpe,0.01596285918232579,0.009515968909658829,83161,0.993229999639254,0.0712713892329337
2017Q4,roc_auc,reference,0.8229454635004397,0.7842488345090569,83161,0.993229999639254,0.0712713892329337
2017Q4,roc_auc,labels_to_date,0.7800629335874415,0.7842488345090569,83161,0.993229999639254,0.0712713892329337
2017Q4,roc_auc,latest_complete_cohort,0.7458477612387762,0.7842488345090569,83161,0.993229999639254,0.0712713892329337
2017Q4,roc_auc,cbpe,0.7873933830554667,0.7842488345090569,83161,0.993229999639254,0.0712713892329337
2017Q4,roc_auc,da_cbpe,0.782857971290842,0.7842488345090569,83161,0.993229999639254,0.0712713892329337
2018Q1,prevalence,reference,0.007853403141361256,0.009527524616712177,85046,0.9947205041977283,0.06405945017990264
2018Q1,prevalence,labels_to_date,0.004338828398748913,0.009527524616712177,85046,0.9947205041977283,0.06405945017990264
2018Q1,prevalence,latest_complete_cohort,0.007547169811320755,0.009527524616712177,85046,0.9947205041977283,0.06405945017990264
2018Q1,prevalence,cbpe,0.003351659844223738,0.009527524616712177,85046,0.9947205041977283,0.06405945017990264
2018Q1,prevalence,da_cbpe,0.019016385094867787,0.009527524616712177,85046,0.9947205041977283,0.06405945017990264
2018Q1,roc_auc,reference,0.8229454635004397,0.781325799898027,85046,0.9947205041977283,0.06405945017990264
2018Q1,roc_auc,labels_to_date,0.778243632194816,0.781325799898027,85046,0.9947205041977283,0.06405945017990264
2018Q1,roc_auc,latest_complete_cohort,0.7952296888337085,0.781325799898027,85046,0.9947205041977283,0.06405945017990264
2018Q1,roc_auc,cbpe,0.7857773610492479,0.781325799898027,85046,0.9947205041977283,0.06405945017990264
2018Q1,roc_auc,da_cbpe,0.7814620382271292,0.781325799898027,85046,0.9947205041977283,0.06405945017990264
2018Q2,prevalence,reference,0.007853403141361256,0.009564408806018814,83131,0.9961025369597383,0.06300898581756505
2018Q2,prevalence,labels_to_date,0.00412601797163513,0.009564408806018814,83131,0.9961025369597383,0.06300898581756505
2018Q2,prevalence,latest_complete_cohort,0.005777442853554383,0.009564408806018814,83131,0.9961025369597383,0.06300898581756505
2018Q2,prevalence,cbpe,0.0033862729622642436,0.009564408806018814,83131,0.9961025369597383,0.06300898581756505
2018Q2,prevalence,da_cbpe,0.014482976992984273,0.009564408806018814,83131,0.9961025369597383,0.06300898581756505
2018Q2,roc_auc,reference,0.8229454635004397,0.7781634087629943,83131,0.9961025369597383,0.06300898581756505
2018Q2,roc_auc,labels_to_date,0.76802813354029,0.7781634087629943,83131,0.9961025369597383,0.06300898581756505
2018Q2,roc_auc,latest_complete_cohort,0.7252949447459192,0.7781634087629943,83131,0.9961025369597383,0.06300898581756505
2018Q2,roc_auc,cbpe,0.7847099362644366,0.7781634087629943,83131,0.9961025369597383,0.06300898581756505
2018Q2,roc_auc,da_cbpe,0.7794511177013637,0.7781634087629943,83131,0.9961025369597383,0.06300898581756505
2018Q3,prevalence,reference,0.007853403141361256,0.00939826975444008,83292,0.9964222254238102,0.06347548383998464
2018Q3,prevalence,labels_to_date,0.0038058877203092736,0.00939826975444008,83292,0.9964222254238102,0.06347548383998464
2018Q3,prevalence,latest_complete_cohort,0.005648441030275644,0.00939826975444008,83292,0.9964222254238102,0.06347548383998464
2018Q3,prevalence,cbpe,0.003439256412228972,0.00939826975444008,83292,0.9964222254238102,0.06347548383998464
2018Q3,prevalence,da_cbpe,0.011586901681258652,0.00939826975444008,83292,0.9964222254238102,0.06347548383998464
2018Q3,roc_auc,reference,0.8229454635004397,0.7727181813815477,83292,0.9964222254238102,0.06347548383998464
2018Q3,roc_auc,labels_to_date,0.7767524139287897,0.7727181813815477,83292,0.9964222254238102,0.06347548383998464
2018Q3,roc_auc,latest_complete_cohort,0.802340377187003,0.7727181813815477,83292,0.9964222254238102,0.06347548383998464
2018Q3,roc_auc,cbpe,0.7836749772434101,0.7727181813815477,83292,0.9964222254238102,0.06347548383998464
2018Q3,roc_auc,da_cbpe,0.7817361655820003,0.7727181813815477,83292,0.9964222254238102,0.06347548383998464
2018Q4,prevalence,reference,0.007853403141361256,0.012814656312360253,83435,0.9970156409180799,0.06298316054413615
2018Q4,prevalence,labels_to_date,0.0035956133517109127,0.012814656312360253,83435,0.9970156409180799,0.06298316054413615
2018Q4,prevalence,latest_complete_cohort,0.008349705304518664,0.012814656312360253,83435,0.9970156409180799,0.06298316054413615
2018Q4,prevalence,cbpe,0.0035753903218643523,0.012814656312360253,83435,0.9970156409180799,0.06298316054413615
2018Q4,prevalence,da_cbpe,0.010093907503497172,0.012814656312360253,83435,0.9970156409180799,0.06298316054413615
2018Q4,roc_auc,reference,0.8229454635004397,0.749747115373192,83435,0.9970156409180799,0.06298316054413615
2018Q4,roc_auc,labels_to_date,0.772331027846274,0.749747115373192,83435,0.9970156409180799,0.06298316054413615
2018Q4,roc_auc,latest_complete_cohort,0.7635004224572444,0.749747115373192,83435,0.9970156409180799,0.06298316054413615
2018Q4,roc_auc,cbpe,0.7846009711862763,0.749747115373192,83435,0.9970156409180799,0.06298316054413615
2018Q4,roc_auc,da_cbpe,0.7801317545077175,0.749747115373192,83435,0.9970156409180799,0.06298316054413615
2019Q1,prevalence,reference,0.007853403141361256,0.017209595509092422,84248,0.9980177570980914,0.059526635647137026
2019Q1,prevalence,labels_to_date,0.003477827366821764,0.017209595509092422,84248,0.9980177570980914,0.059526635647137026
2019Q1,prevalence,latest_complete_cohort,0.009761388286334056,0.017209595509092422,84248,0.9980177570980914,0.059526635647137026
2019Q1,prevalence,cbpe,0.003683913482758844,0.017209595509092422,84248,0.9980177570980914,0.059526635647137026
2019Q1,prevalence,da_cbpe,0.010681986606780972,0.017209595509092422,84248,0.9980177570980914,0.059526635647137026
2019Q1,roc_auc,reference,0.8229454635004397,0.7329560995849526,84248,0.9980177570980914,0.059526635647137026
2019Q1,roc_auc,labels_to_date,0.7559148276045005,0.7329560995849526,84248,0.9980177570980914,0.059526635647137026
2019Q1,roc_auc,latest_complete_cohort,0.7936366678836558,0.7329560995849526,84248,0.9980177570980914,0.059526635647137026
2019Q1,roc_auc,cbpe,0.7857732955609088,0.7329560995849526,84248,0.9980177570980914,0.059526635647137026
2019Q1,roc_auc,da_cbpe,0.776107797413738,0.7329560995849526,84248,0.9980177570980914,0.059526635647137026
2019Q2,prevalence,reference,0.007853403141361256,0.02171976209395844,83207,0.9982092852764791,0.07257802829088898
2019Q2,prevalence,labels_to_date,0.003172809979929573,0.02171976209395844,83207,0.9982092852764791,0.07257802829088898
2019Q2,prevalence,latest_complete_cohort,0.011390602752728999,0.02171976209395844,83207,0.9982092852764791,0.07257802829088898
2019Q2,prevalence,cbpe,0.003780125626871873,0.02171976209395844,83207,0.9982092852764791,0.07257802829088898
2019Q2,prevalence,da_cbpe,0.00883845322148018,0.02171976209395844,83207,0.9982092852764791,0.07257802829088898
2019Q2,roc_auc,reference,0.8229454635004397,0.7224934674203588,83207,0.9982092852764791,0.07257802829088898
2019Q2,roc_auc,labels_to_date,0.7555871931399403,0.7224934674203588,83207,0.9982092852764791,0.07257802829088898
2019Q2,roc_auc,latest_complete_cohort,0.8070791326612259,0.7224934674203588,83207,0.9982092852764791,0.07257802829088898
2019Q2,roc_auc,cbpe,0.7880137498213234,0.7224934674203588,83207,0.9982092852764791,0.07257802829088898
2019Q2,roc_auc,da_cbpe,0.7785715912109552,0.7224934674203588,83207,0.9982092852764791,0.07257802829088898
2019Q3,prevalence,reference,0.007853403141361256,0.02707881417208966,83129,0.9982076050475767,0.11209084675624631
2019Q3,prevalence,labels_to_date,0.0028028726437224075,0.02707881417208966,83129,0.9982076050475767,0.11209084675624631
2019Q3,prevalence,latest_complete_cohort,0.009034051424600417,0.02707881417208966,83129,0.9982076050475767,0.11209084675624631
2019Q3,prevalence,cbpe,0.0038242819379923406,0.02707881417208966,83129,0.9982076050475767,0.11209084675624631
2019Q3,prevalence,da_cbpe,0.007242176475310256,0.02707881417208966,83129,0.9982076050475767,0.11209084675624631
2019Q3,roc_auc,reference,0.8229454635004397,0.707935933537666,83129,0.9982076050475767,0.11209084675624631
2019Q3,roc_auc,labels_to_date,0.7442395632191907,0.707935933537666,83129,0.9982076050475767,0.11209084675624631
2019Q3,roc_auc,latest_complete_cohort,0.7155961928051688,0.707935933537666,83129,0.9982076050475767,0.11209084675624631
2019Q3,roc_auc,cbpe,0.7889091474413877,0.707935933537666,83129,0.9982076050475767,0.11209084675624631
2019Q3,roc_auc,da_cbpe,0.7752177164728681,0.707935933537666,83129,0.9982076050475767,0.11209084675624631
2019Q4,prevalence,reference,0.007853403141361256,0.03275723960482559,82553,0.9980739646045571,0.15238695141303163
2019Q4,prevalence,labels_to_date,0.00305258440032464,0.03275723960482559,82553,0.9980739646045571,0.15238695141303163
2019Q4,prevalence,latest_complete_cohort,0.0040598832783557475,0.03275723960482559,82553,0.9980739646045571,0.15238695141303163
2019Q4,prevalence,cbpe,0.003846996527270224,0.03275723960482559,82553,0.9980739646045571,0.15238695141303163
2019Q4,prevalence,da_cbpe,0.0073787689139028795,0.03275723960482559,82553,0.9980739646045571,0.15238695141303163
2019Q4,roc_auc,reference,0.8229454635004397,0.6972104955254914,82553,0.9980739646045571,0.15238695141303163
2019Q4,roc_auc,labels_to_date,0.7566516627023182,0.6972104955254914,82553,0.9980739646045571,0.15238695141303163
2019Q4,roc_auc,latest_complete_cohort,0.7449999999999999,0.6972104955254914,82553,0.9980739646045571,0.15238695141303163
2019Q4,roc_auc,cbpe,0.7895888528240764,0.6972104955254914,82553,0.9980739646045571,0.15238695141303163
2019Q4,roc_auc,da_cbpe,0.7789105820699431,0.6972104955254914,82553,0.9980739646045571,0.15238695141303163
2020Q1,prevalence,reference,0.007853403141361256,0.03856247783425937,84760,0.9979943369513922,0.18483954695611138
2020Q1,prevalence,labels_to_date,0.003197262859839547,0.03856247783425937,84760,0.9979943369513922,0.18483954695611138
2020Q1,prevalence,latest_complete_cohort,0.004452592980618125,0.03856247783425937,84760,0.9979943369513922,0.18483954695611138
2020Q1,prevalence,cbpe,0.003767635963740076,0.03856247783425937,84760,0.9979943369513922,0.18483954695611138
2020Q1,prevalence,da_cbpe,0.007055205180501608,0.03856247783425937,84760,0.9979943369513922,0.18483954695611138
2020Q1,roc_auc,reference,0.8229454635004397,0.6893997807004582,84760,0.9979943369513922,0.18483954695611138
2020Q1,roc_auc,labels_to_date,0.7502272070265353,0.6893997807004582,84760,0.9979943369513922,0.18483954695611138
2020Q1,roc_auc,latest_complete_cohort,0.7586393673491496,0.6893997807004582,84760,0.9979943369513922,0.18483954695611138
2020Q1,roc_auc,cbpe,0.7894577932621953,0.6893997807004582,84760,0.9979943369513922,0.18483954695611138
2020Q1,roc_auc,da_cbpe,0.7720104679737076,0.6893997807004582,84760,0.9979943369513922,0.18483954695611138
2020Q2,prevalence,reference,0.007853403141361256,0.043526378517743776,82382,0.9981063824621883,0.2510378480736083
2020Q2,prevalence,labels_to_date,0.0199193998689034,0.043526378517743776,82382,0.9981063824621883,0.2510378480736083
2020Q2,prevalence,latest_complete_cohort,0.027537922987164527,0.043526378517743776,82382,0.9981063824621883,0.2510378480736083
2020Q2,prevalence,cbpe,0.0037069802824794217,0.043526378517743776,82382,0.9981063824621883,0.2510378480736083
2020Q2,prevalence,da_cbpe,0.062402798960928485,0.043526378517743776,82382,0.9981063824621883,0.2510378480736083
2020Q2,roc_auc,reference,0.8229454635004397,0.6825513437901721,82382,0.9981063824621883,0.2510378480736083
2020Q2,roc_auc,labels_to_date,0.6917447594127402,0.6825513437901721,82382,0.9981063824621883,0.2510378480736083
2020Q2,roc_auc,latest_complete_cohort,0.6963673414601408,0.6825513437901721,82382,0.9981063824621883,0.2510378480736083
2020Q2,roc_auc,cbpe,0.7891871787533545,0.6825513437901721,82382,0.9981063824621883,0.2510378480736083
2020Q2,roc_auc,da_cbpe,0.7477631610235598,0.6825513437901721,82382,0.9981063824621883,0.2510378480736083
2020Q3,prevalence,reference,0.007853403141361256,0.04261907374221312,82204,0.9978711498223931,0.2846698457495986
2020Q3,prevalence,labels_to_date,0.03271130358620018,0.04261907374221312,82204,0.9978711498223931,0.2846698457495986
2020Q3,prevalence,latest_complete_cohort,0.037276785714285714,0.04261907374221312,82204,0.9978711498223931,0.2846698457495986
2020Q3,prevalence,cbpe,0.0035214818081101347,0.04261907374221312,82204,0.9978711498223931,0.2846698457495986
2020Q3,prevalence,da_cbpe,0.09798232142434521,0.04261907374221312,82204,0.9978711498223931,0.2846698457495986
2020Q3,roc_auc,reference,0.8229454635004397,0.6806375865517451,82204,0.9978711498223931,0.2846698457495986
2020Q3,roc_auc,labels_to_date,0.6711426237444014,0.6806375865517451,82204,0.9978711498223931,0.2846698457495986
2020Q3,roc_auc,latest_complete_cohort,0.7255248371793395,0.6806375865517451,82204,0.9978711498223931,0.2846698457495986
2020Q3,roc_auc,cbpe,0.7879824926860562,0.6806375865517451,82204,0.9978711498223931,0.2846698457495986
2020Q3,roc_auc,da_cbpe,0.7309002064808356,0.6806375865517451,82204,0.9978711498223931,0.2846698457495986
2020Q4,prevalence,reference,0.007853403141361256,0.03804737104077891,82538,0.9979766895248249,0.2923259589522402
2020Q4,prevalence,labels_to_date,0.0316217984443529,0.03804737104077891,82538,0.9979766895248249,0.2923259589522402
2020Q4,prevalence,latest_complete_cohort,0.0361475012130034,0.03804737104077891,82538,0.9979766895248249,0.2923259589522402
2020Q4,prevalence,cbpe,0.0032631196479791322,0.03804737104077891,82538,0.9979766895248249,0.2923259589522402
2020Q4,prevalence,da_cbpe,0.08358637746804397,0.03804737104077891,82538,0.9979766895248249,0.2923259589522402
2020Q4,roc_auc,reference,0.8229454635004397,0.6877565102628992,82538,0.9979766895248249,0.2923259589522402
2020Q4,roc_auc,labels_to_date,0.6814468198581789,0.6877565102628992,82538,0.9979766895248249,0.2923259589522402
2020Q4,roc_auc,latest_complete_cohort,0.7079768301809023,0.6877565102628992,82538,0.9979766895248249,0.2923259589522402
2020Q4,roc_auc,cbpe,0.7858841262658643,0.6877565102628992,82538,0.9979766895248249,0.2923259589522402
2020Q4,roc_auc,da_cbpe,0.7297522103314074,0.6877565102628992,82538,0.9979766895248249,0.2923259589522402
2021Q1,prevalence,reference,0.007853403141361256,0.03221200185632519,84197,0.9980996947634714,0.28788436642635723
2021Q1,prevalence,labels_to_date,0.027993871515612195,0.03221200185632519,84197,0.9980996947634714,0.28788436642635723
2021Q1,prevalence,latest_complete_cohort,0.04582730342498794,0.03221200185632519,84197,0.9980996947634714,0.28788436642635723
2021Q1,prevalence,cbpe,0.002992800312054401,0.03221200185632519,84197,0.9980996947634714,0.28788436642635723
2021Q1,prevalence,da_cbpe,0.06501261387373367,0.03221200185632519,84197,0.9980996947634714,0.28788436642635723
2021Q1,roc_auc,reference,0.8229454635004397,0.6947535320966799,84197,0.9980996947634714,0.28788436642635723
2021Q1,roc_auc,labels_to_date,0.6899585208428463,0.6947535320966799,84197,0.9980996947634714,0.28788436642635723
2021Q1,roc_auc,latest_complete_cohort,0.6796298760044703,0.6947535320966799,84197,0.9980996947634714,0.28788436642635723
2021Q1,roc_auc,cbpe,0.7825880762837154,0.6947535320966799,84197,0.9980996947634714,0.28788436642635723
2021Q1,roc_auc,da_cbpe,0.7316274498060891,0.6947535320966799,84197,0.9980996947634714,0.28788436642635723
2021Q2,prevalence,reference,0.007853403141361256,0.02661876574762806,83112,0.998038791028973,0.25033689479256904
2021Q2,prevalence,labels_to_date,0.022981037635961113,0.02661876574762806,83112,0.998038791028973,0.25033689479256904
2021Q2,prevalence,latest_complete_cohort,0.04340761374187558,0.02661876574762806,83112,0.998038791028973,0.25033689479256904
2021Q2,prevalence,cbpe,0.0027939398231091373,0.02661876574762806,83112,0.998038791028973,0.25033689479256904
2021Q2,prevalence,da_cbpe,0.043899837589185566,0.02661876574762806,83112,0.998038791028973,0.25033689479256904
2021Q2,roc_auc,reference,0.8229454635004397,0.6974925857712144,83112,0.998038791028973,0.25033689479256904
2021Q2,roc_auc,labels_to_date,0.6910426954124231,0.6974925857712144,83112,0.998038791028973,0.25033689479256904
2021Q2,roc_auc,latest_complete_cohort,0.6638964116232626,0.6974925857712144,83112,0.998038791028973,0.25033689479256904
2021Q2,roc_auc,cbpe,0.779692567566864,0.6974925857712144,83112,0.998038791028973,0.25033689479256904
2021Q2,roc_auc,da_cbpe,0.7254824515560367,0.6974925857712144,83112,0.998038791028973,0.25033689479256904
2021Q3,prevalence,reference,0.007853403141361256,0.020882976303090536,83684,0.9979565986329525,0.21716218154007935
2021Q3,prevalence,labels_to_date,0.01749438363366952,0.020882976303090536,83684,0.9979565986329525,0.21716218154007935
2021Q3,prevalence,latest_complete_cohort,0.045711477021381175,0.020882976303090536,83684,0.9979565986329525,0.21716218154007935
2021Q3,prevalence,cbpe,0.00265339700535539,0.020882976303090536,83684,0.9979565986329525,0.21716218154007935
2021Q3,prevalence,da_cbpe,0.027137371746990272,0.020882976303090536,83684,0.9979565986329525,0.21716218154007935
2021Q3,roc_auc,reference,0.8229454635004397,0.6966549858344513,83684,0.9979565986329525,0.21716218154007935
2021Q3,roc_auc,labels_to_date,0.6880593375031403,0.6966549858344513,83684,0.9979565986329525,0.21716218154007935
2021Q3,roc_auc,latest_complete_cohort,0.6972306912679753,0.6966549858344513,83684,0.9979565986329525,0.21716218154007935
2021Q3,roc_auc,cbpe,0.7773648391572089,0.6966549858344513,83684,0.9979565986329525,0.21716218154007935
2021Q3,roc_auc,da_cbpe,0.7163325233414289,0.6966549858344513,83684,0.9979565986329525,0.21716218154007935
2021Q4,prevalence,reference,0.007853403141361256,0.015042962604380976,82799,0.997958912547253,0.1762823222502687
2021Q4,prevalence,labels_to_date,0.011389026437517361,0.015042962604380976,82799,0.997958912547253,0.1762823222502687
2021Q4,prevalence,latest_complete_cohort,0.04221435793731042,0.015042962604380976,82799,0.997958912547253,0.1762823222502687
2021Q4,prevalence,cbpe,0.002648188123025035,0.015042962604380976,82799,0.997958912547253,0.1762823222502687
2021Q4,prevalence,da_cbpe,0.020399931085480744,0.015042962604380976,82799,0.997958912547253,0.1762823222502687
2021Q4,roc_auc,reference,0.8229454635004397,0.7032918198671008,82799,0.997958912547253,0.1762823222502687
2021Q4,roc_auc,labels_to_date,0.6803376342760988,0.7032918198671008,82799,0.997958912547253,0.1762823222502687
2021Q4,roc_auc,latest_complete_cohort,0.6425691767691853,0.7032918198671008,82799,0.997958912547253,0.1762823222502687
2021Q4,roc_auc,cbpe,0.7772226270105155,0.7032918198671008,82799,0.997958912547253,0.1762823222502687
2021Q4,roc_auc,da_cbpe,0.7205791525942186,0.7032918198671008,82799,0.997958912547253,0.1762823222502687
2022Q1,prevalence,reference,0.007853403141361256,0.010338655739249211,85087,0.9980843137024458,0.12865655152961086
2022Q1,prevalence,labels_to_date,0.006017370456121381,0.010338655739249211,85087,0.9980843137024458,0.12865655152961086
2022Q1,prevalence,latest_complete_cohort,0.040493429873960846,0.010338655739249211,85087,0.9980843137024458,0.12865655152961086
2022Q1,prevalence,cbpe,0.0026468590456018284,0.010338655739249211,85087,0.9980843137024458,0.12865655152961086
2022Q1,prevalence,da_cbpe,0.016884273833037342,0.010338655739249211,85087,0.9980843137024458,0.12865655152961086
2022Q1,roc_auc,reference,0.8229454635004397,0.7125839592018623,85087,0.9980843137024458,0.12865655152961086
2022Q1,roc_auc,labels_to_date,0.6697574383867868,0.7125839592018623,85087,0.9980843137024458,0.12865655152961086
2022Q1,roc_auc,latest_complete_cohort,0.6544760290072889,0.7125839592018623,85087,0.9980843137024458,0.12865655152961086
2022Q1,roc_auc,cbpe,0.7764006679350111,0.7125839592018623,85087,0.9980843137024458,0.12865655152961086
2022Q1,roc_auc,da_cbpe,0.7368700232204488,0.7125839592018623,85087,0.9980843137024458,0.12865655152961086
2022Q2,prevalence,reference,0.007853403141361256,0.00930696360312448,84402,0.9980569180825098,0.09158550745243003
2022Q2,prevalence,labels_to_date,0.004052036681595223,0.00930696360312448,84402,0.9980569180825098,0.09158550745243003
2022Q2,prevalence,latest_complete_cohort,0.010813594232749742,0.00930696360312448,84402,0.9980569180825098,0.09158550745243003
2022Q2,prevalence,cbpe,0.0027562152857284225,0.00930696360312448,84402,0.9980569180825098,0.09158550745243003
2022Q2,prevalence,da_cbpe,0.012702073553923672,0.00930696360312448,84402,0.9980569180825098,0.09158550745243003
2022Q2,roc_auc,reference,0.8229454635004397,0.734335139350873,84402,0.9980569180825098,0.09158550745243003
2022Q2,roc_auc,labels_to_date,0.6696669776391968,0.734335139350873,84402,0.9980569180825098,0.09158550745243003
2022Q2,roc_auc,latest_complete_cohort,0.6562027465853598,0.734335139350873,84402,0.9980569180825098,0.09158550745243003
2022Q2,roc_auc,cbpe,0.7780440779433433,0.734335139350873,84402,0.9980569180825098,0.09158550745243003
2022Q2,roc_auc,da_cbpe,0.7446071871043427,0.734335139350873,84402,0.9980569180825098,0.09158550745243003
2022Q3,prevalence,reference,0.007853403141361256,0.010717947495171559,84058,0.9978586214280616,0.069571010492755
2022Q3,prevalence,labels_to_date,0.004139998572414285,0.010717947495171559,84058,0.9978586214280616,0.069571010492755
2022Q3,prevalence,latest_complete_cohort,0.006668313163744134,0.010717947495171559,84058,0.9978586214280616,0.069571010492755
2022Q3,prevalence,cbpe,0.0029506991952787218,0.010717947495171559,84058,0.9978586214280616,0.069571010492755
2022Q3,prevalence,da_cbpe,0.014131890776198013,0.010717947495171559,84058,0.9978586214280616,0.069571010492755
2022Q3,roc_auc,reference,0.8229454635004397,0.7403207582131995,84058,0.9978586214280616,0.069571010492755
2022Q3,roc_auc,labels_to_date,0.6796287504617062,0.7403207582131995,84058,0.9978586214280616,0.069571010492755
2022Q3,roc_auc,latest_complete_cohort,0.7119131812070648,0.7403207582131995,84058,0.9978586214280616,0.069571010492755
2022Q3,roc_auc,cbpe,0.7792628239190129,0.7403207582131995,84058,0.9978586214280616,0.069571010492755
2022Q3,roc_auc,da_cbpe,0.7535928620858822,0.7403207582131995,84058,0.9978586214280616,0.069571010492755
2022Q4,prevalence,reference,0.007853403141361256,0.012480835569183595,83703,0.9974313943347312,0.05763234292677682
2022Q4,prevalence,labels_to_date,0.0046234901974839615,0.012480835569183595,83703,0.9974313943347312,0.05763234292677682
2022Q4,prevalence,latest_complete_cohort,0.007022824178580386,0.012480835569183595,83703,0.9974313943347312,0.05763234292677682
2022Q4,prevalence,cbpe,0.003368826885885828,0.012480835569183595,83703,0.9974313943347312,0.05763234292677682
2022Q4,prevalence,da_cbpe,0.018286366221403116,0.012480835569183595,83703,0.9974313943347312,0.05763234292677682
2022Q4,roc_auc,reference,0.8229454635004397,0.7530151998984225,83703,0.9974313943347312,0.05763234292677682
2022Q4,roc_auc,labels_to_date,0.7018829839087151,0.7530151998984225,83703,0.9974313943347312,0.05763234292677682
2022Q4,roc_auc,latest_complete_cohort,0.6754321076750984,0.7530151998984225,83703,0.9974313943347312,0.05763234292677682
2022Q4,roc_auc,cbpe,0.7867264708909818,0.7530151998984225,83703,0.9974313943347312,0.05763234292677682
2022Q4,roc_auc,da_cbpe,0.772197634196466,0.7530151998984225,83703,0.9974313943347312,0.05763234292677682
2023Q1,prevalence,reference,0.007853403141361256,0.014235680930143905,84192,0.9970543519574306,0.050788673508171796
2023Q1,prevalence,labels_to_date,0.0054637020144431775,0.014235680930143905,84192,0.9970543519574306,0.050788673508171796
2023Q1,prevalence,latest_complete_cohort,0.005762304921968787,0.014235680930143905,84192,0.9970543519574306,0.050788673508171796
2023Q1,prevalence,cbpe,0.0038737805164190207,0.014235680930143905,84192,0.9970543519574306,0.050788673508171796
2023Q1,prevalence,da_cbpe,0.02239353137947496,0.014235680930143905,84192,0.9970543519574306,0.050788673508171796
2023Q1,roc_auc,reference,0.8229454635004397,0.750139760755556,84192,0.9970543519574306,0.050788673508171796
2023Q1,roc_auc,labels_to_date,0.6999802163839496,0.750139760755556,84192,0.9970543519574306,0.050788673508171796
2023Q1,roc_auc,latest_complete_cohort,0.7200656041213878,0.750139760755556,84192,0.9970543519574306,0.050788673508171796
2023Q1,roc_auc,cbpe,0.7924176669018663,0.750139760755556,84192,0.9970543519574306,0.050788673508171796
2023Q1,roc_auc,da_cbpe,0.7775251329130105,0.750139760755556,84192,0.9970543519574306,0.050788673508171796
2023Q2,prevalence,reference,0.007853403141361256,0.016101930539269612,82989,0.996794755931509,0.05099471014230802
2023Q2,prevalence,labels_to_date,0.006458687295906687,0.016101930539269612,82989,0.996794755931509,0.05099471014230802
2023Q2,prevalence,latest_complete_cohort,0.00859375,0.016101930539269612,82989,0.996794755931509,0.05099471014230802
2023Q2,prevalence,cbpe,0.0044777816611795635,0.016101930539269612,82989,0.996794755931509,0.05099471014230802
2023Q2,prevalence,da_cbpe,0.024364023849428967,0.016101930539269612,82989,0.996794755931509,0.05099471014230802
2023Q2,roc_auc,reference,0.8229454635004397,0.7458388543597596,82989,0.996794755931509,0.05099471014230802
2023Q2,roc_auc,labels_to_date,0.6920392096736793,0.7458388543597596,82989,0.996794755931509,0.05099471014230802
2023Q2,roc_auc,latest_complete_cohort,0.7358494320669261,0.7458388543597596,82989,0.996794755931509,0.05099471014230802
2023Q2,roc_auc,cbpe,0.7970029109806885,0.7458388543597596,82989,0.996794755931509,0.05099471014230802
2023Q2,roc_auc,da_cbpe,0.7785995651889027,0.7458388543597596,82989,0.996794755931509,0.05099471014230802
2023Q3,prevalence,reference,0.007853403141361256,0.017323254348984834,82853,0.9963187814563141,0.052285372889334124
2023Q3,prevalence,labels_to_date,0.007096906569466405,0.017323254348984834,82853,0.9963187814563141,0.052285372889334124
2023Q3,prevalence,latest_complete_cohort,0.011277330264672036,0.017323254348984834,82853,0.9963187814563141,0.052285372889334124
2023Q3,prevalence,cbpe,0.005043980642242232,0.017323254348984834,82853,0.9963187814563141,0.052285372889334124
2023Q3,prevalence,da_cbpe,0.02504453887593931,0.017323254348984834,82853,0.9963187814563141,0.052285372889334124
2023Q3,roc_auc,reference,0.8229454635004397,0.746234165991803,82853,0.9963187814563141,0.052285372889334124
2023Q3,roc_auc,labels_to_date,0.6925268058964908,0.746234165991803,82853,0.9963187814563141,0.052285372889334124
2023Q3,roc_auc,latest_complete_cohort,0.683552331547144,0.746234165991803,82853,0.9963187814563141,0.052285372889334124
2023Q3,roc_auc,cbpe,0.7994046171255161,0.746234165991803,82853,0.9963187814563141,0.052285372889334124
2023Q3,roc_auc,da_cbpe,0.778775370182724,0.746234165991803,82853,0.9963187814563141,0.052285372889334124
2023Q4,prevalence,reference,0.007853403141361256,0.018344297184869886,83002,0.9963133418471845,0.05311920194694104
2023Q4,prevalence,labels_to_date,0.008035950940941183,0.018344297184869886,83002,0.9963133418471845,0.05311920194694104
2023Q4,prevalence,latest_complete_cohort,0.011148812409112942,0.018344297184869886,83002,0.9963133418471845,0.05311920194694104
2023Q4,prevalence,cbpe,0.00556688419702418,0.018344297184869886,83002,0.9963133418471845,0.05311920194694104
2023Q4,prevalence,da_cbpe,0.02309203616985515,0.018344297184869886,83002,0.9963133418471845,0.05311920194694104
2023Q4,roc_auc,reference,0.8229454635004397,0.7477835933471011,83002,0.9963133418471845,0.05311920194694104
2023Q4,roc_auc,labels_to_date,0.7039038414842497,0.7477835933471011,83002,0.9963133418471845,0.05311920194694104
2023Q4,roc_auc,latest_complete_cohort,0.7462222932651321,0.7477835933471011,83002,0.9963133418471845,0.05311920194694104
2023Q4,roc_auc,cbpe,0.7998130314750932,0.7477835933471011,83002,0.9963133418471845,0.05311920194694104
2023Q4,roc_auc,da_cbpe,0.7743483429033875,0.7477835933471011,83002,0.9963133418471845,0.05311920194694104
2024Q1,prevalence,reference,0.007853403141361256,0.018620640263553676,84099,0.9961830699532693,0.05663563181488484
2024Q1,prevalence,labels_to_date,0.008418649448863839,0.018620640263553676,84099,0.9961830699532693,0.05663563181488484
2024Q1,prevalence,latest_complete_cohort,0.015905074476142388,0.018620640263553676,84099,0.9961830699532693,0.05663563181488484
2024Q1,prevalence,cbpe,0.0062279628602470915,0.018620640263553676,84099,0.9961830699532693,0.05663563181488484
2024Q1,prevalence,da_cbpe,0.022975000977788665,0.018620640263553676,84099,0.9961830699532693,0.05663563181488484
2024Q1,roc_auc,reference,0.8229454635004397,0.7533701873568144,84099,0.9961830699532693,0.05663563181488484
2024Q1,roc_auc,labels_to_date,0.7147758412195709,0.7533701873568144,84099,0.9961830699532693,0.05663563181488484
2024Q1,roc_auc,latest_complete_cohort,0.6884543966380806,0.7533701873568144,84099,0.9961830699532693,0.05663563181488484
2024Q1,roc_auc,cbpe,0.7997042840579115,0.7533701873568144,84099,0.9961830699532693,0.05663563181488484
2024Q1,roc_auc,da_cbpe,0.7739577375811374,0.7533701873568144,84099,0.9961830699532693,0.05663563181488484
2024Q2,prevalence,reference,0.007853403141361256,0.01877206052981912,82195,0.9961311515298984,0.0644443092645538
2024Q2,prevalence,labels_to_date,0.008297341687450575,0.01877206052981912,82195,0.9961311515298984,0.0644443092645538
2024Q2,prevalence,latest_complete_cohort,0.019588146659969864,0.01877206052981912,82195,0.9961311515298984,0.0644443092645538
2024Q2,prevalence,cbpe,0.0068000270931820785,0.01877206052981912,82195,0.9961311515298984,0.0644443092645538
2024Q2,prevalence,da_cbpe,0.022581413327468783,0.01877206052981912,82195,0.9961311515298984,0.0644443092645538
2024Q2,roc_auc,reference,0.8229454635004397,0.7627431294357472,82195,0.9961311515298984,0.0644443092645538
2024Q2,roc_auc,labels_to_date,0.7368818308779201,0.7627431294357472,82195,0.9961311515298984,0.0644443092645538
2024Q2,roc_auc,latest_complete_cohort,0.7468851802227826,0.7627431294357472,82195,0.9961311515298984,0.0644443092645538
2024Q2,roc_auc,cbpe,0.7990635204673958,0.7627431294357472,82195,0.9961311515298984,0.0644443092645538
2024Q2,roc_auc,da_cbpe,0.7808110516834845,0.7627431294357472,82195,0.9961311515298984,0.0644443092645538
2024Q3,prevalence,reference,0.007853403141361256,0.020100435929032344,82944,0.9099030671296297,0.07397762345679013
2024Q3,prevalence,labels_to_date,0.00806568287037037,0.020100435929032344,82944,0.9099030671296297,0.07397762345679013
2024Q3,prevalence,latest_complete_cohort,0.01819438046982957,0.020100435929032344,82944,0.9099030671296297,0.07397762345679013
2024Q3,prevalence,cbpe,0.00712102610060017,0.020100435929032344,82944,0.9099030671296297,0.07397762345679013
2024Q3,prevalence,da_cbpe,0.021377113888132637,0.020100435929032344,82944,0.9099030671296297,0.07397762345679013
2024Q3,roc_auc,reference,0.8229454635004397,0.7706590499547823,82944,0.9099030671296297,0.07397762345679013
2024Q3,roc_auc,labels_to_date,0.7512906014001133,0.7706590499547823,82944,0.9099030671296297,0.07397762345679013
2024Q3,roc_auc,latest_complete_cohort,0.747083381584847,0.7706590499547823,82944,0.9099030671296297,0.07397762345679013
2024Q3,roc_auc,cbpe,0.7997904094431909,0.7706590499547823,82944,0.9099030671296297,0.07397762345679013
2024Q3,roc_auc,da_cbpe,0.7852870519055857,0.7706590499547823,82944,0.9099030671296297,0.07397762345679013
2024Q4,prevalence,reference,0.007853403141361256,,83001,0.8001108420380477,0.09357718581703835
2024Q4,prevalence,labels_to_date,0.00872278647245214,,83001,0.8001108420380477,0.09357718581703835
2024Q4,prevalence,latest_complete_cohort,0.019442312611921208,,83001,0.8001108420380477,0.09357718581703835
2024Q4,prevalence,cbpe,0.007342722659565055,,83001,0.8001108420380477,0.09357718581703835
2024Q4,prevalence,da_cbpe,0.022470620993903265,,83001,0.8001108420380477,0.09357718581703835
2024Q4,roc_auc,reference,0.8229454635004397,,83001,0.8001108420380477,0.09357718581703835
2024Q4,roc_auc,labels_to_date,0.764709566195906,,83001,0.8001108420380477,0.09357718581703835
2024Q4,roc_auc,latest_complete_cohort,0.7333629697776923,,83001,0.8001108420380477,0.09357718581703835
2024Q4,roc_auc,cbpe,0.8013878702886496,,83001,0.8001108420380477,0.09357718581703835
2024Q4,roc_auc,da_cbpe,0.7908726466962028,,83001,0.8001108420380477,0.09357718581703835
2025Q1,prevalence,reference,0.007853403141361256,,85343,0.6673892410625358,0.09598912623179405
2025Q1,prevalence,labels_to_date,0.008565435946709162,,85343,0.6673892410625358,0.09598912623179405
2025Q1,prevalence,latest_complete_cohort,0.020838828805064626,,85343,0.6673892410625358,0.09598912623179405
2025Q1,prevalence,cbpe,0.0072217237800209465,,85343,0.6673892410625358,0.09598912623179405
2025Q1,prevalence,da_cbpe,0.023884382363593876,,85343,0.6673892410625358,0.09598912623179405
2025Q1,roc_auc,reference,0.8229454635004397,,85343,0.6673892410625358,0.09598912623179405
2025Q1,roc_auc,labels_to_date,0.7778592526613637,,85343,0.6673892410625358,0.09598912623179405
2025Q1,roc_auc,latest_complete_cohort,0.7691373854212133,,85343,0.6673892410625358,0.09598912623179405
2025Q1,roc_auc,cbpe,0.8037459060459602,,85343,0.6673892410625358,0.09598912623179405
2025Q1,roc_auc,da_cbpe,0.7961844808141592,,85343,0.6673892410625358,0.09598912623179405
2025Q2,prevalence,reference,0.007853403141361256,,83284,0.5461913452764037,0.10621487920849143
2025Q2,prevalence,labels_to_date,0.008008741174775466,,83284,0.5461913452764037,0.10621487920849143
2025Q2,prevalence,latest_complete_cohort,0.016987036209208762,,83284,0.5461913452764037,0.10621487920849143
2025Q2,prevalence,cbpe,0.007210875883301535,,83284,0.5461913452764037,0.10621487920849143
2025Q2,prevalence,da_cbpe,0.02048182784069941,,83284,0.5461913452764037,0.10621487920849143
2025Q2,roc_auc,reference,0.8229454635004397,,83284,0.5461913452764037,0.10621487920849143
2025Q2,roc_auc,labels_to_date,0.7955954391445115,,83284,0.5461913452764037,0.10621487920849143
2025Q2,roc_auc,latest_complete_cohort,0.7721392498982791,,83284,0.5461913452764037,0.10621487920849143
2025Q2,roc_auc,cbpe,0.8045565060635316,,83284,0.5461913452764037,0.10621487920849143
2025Q2,roc_auc,da_cbpe,0.8011674827207917,,83284,0.5461913452764037,0.10621487920849143
2025Q3,prevalence,reference,0.007853403141361256,,82998,0.4082869466734138,0.11574977710306272
2025Q3,prevalence,labels_to_date,0.007530301934986385,,82998,0.4082869466734138,0.11574977710306272
2025Q3,prevalence,latest_complete_cohort,0.016751157152303284,,82998,0.4082869466734138,0.11574977710306272
2025Q3,prevalence,cbpe,0.007126918922828437,,82998,0.4082869466734138,0.11574977710306272
2025Q3,prevalence,da_cbpe,0.02006039176809908,,82998,0.4082869466734138,0.11574977710306272
2025Q3,roc_auc,reference,0.8229454635004397,,82998,0.4082869466734138,0.11574977710306272
2025Q3,roc_auc,labels_to_date,0.8068635305257791,,82998,0.4082869466734138,0.11574977710306272
2025Q3,roc_auc,latest_complete_cohort,0.7573708986656285,,82998,0.4082869466734138,0.11574977710306272
2025Q3,roc_auc,cbpe,0.805096597344237,,82998,0.4082869466734138,0.11574977710306272
2025Q3,roc_auc,da_cbpe,0.8036441639400747,,82998,0.4082869466734138,0.11574977710306272
2025Q4,prevalence,reference,0.007853403141361256,,82546,0.2708186950306496,0.12457296537688077
2025Q4,prevalence,labels_to_date,0.007074843117776754,,82546,0.2708186950306496,0.12457296537688077
2025Q4,prevalence,latest_complete_cohort,0.018518518518518517,,82546,0.2708186950306496,0.12457296537688077
2025Q4,prevalence,cbpe,0.0068407036182752765,,82546,0.2708186950306496,0.12457296537688077
2025Q4,prevalence,da_cbpe,0.016725275023797018,,82546,0.2708186950306496,0.12457296537688077
2025Q4,roc_auc,reference,0.8229454635004397,,82546,0.2708186950306496,0.12457296537688077
2025Q4,roc_auc,labels_to_date,0.8089212763315308,,82546,0.2708186950306496,0.12457296537688077
2025Q4,roc_auc,latest_complete_cohort,0.7617744864893118,,82546,0.2708186950306496,0.12457296537688077
2025Q4,roc_auc,cbpe,0.8061199091221605,,82546,0.2708186950306496,0.12457296537688077
2025Q4,roc_auc,da_cbpe,0.8056009358448005,,82546,0.2708186950306496,0.12457296537688077
2026Q1,prevalence,reference,0.007853403141361256,,84640,0.138468809073724,0.138468809073724
2026Q1,prevalence,labels_to_date,0.006202741020793951,,84640,0.138468809073724,0.138468809073724
2026Q1,prevalence,latest_complete_cohort,0.020263901979264844,,84640,0.138468809073724,0.138468809073724
2026Q1,prevalence,cbpe,0.006560052209473187,,84640,0.138468809073724,0.138468809073724
2026Q1,prevalence,da_cbpe,0.012394446555307822,,84640,0.138468809073724,0.138468809073724
2026Q1,roc_auc,reference,0.8229454635004397,,84640,0.138468809073724,0.138468809073724
2026Q1,roc_auc,labels_to_date,0.8009133074617234,,84640,0.138468809073724,0.138468809073724
2026Q1,roc_auc,latest_complete_cohort,0.79260489725606,,84640,0.138468809073724,0.138468809073724
2026Q1,roc_auc,cbpe,0.8069122514279584,,84640,0.138468809073724,0.138468809073724
2026Q1,roc_auc,da_cbpe,0.802101700155554,,84640,0.138468809073724,0.138468809073724
2026Q2,prevalence,reference,0.007853403141361256,,85237,0.09988619965507936,0.09988619965507936
2026Q2,prevalence,labels_to_date,0.003824630148879008,,85237,0.09988619965507936,0.09988619965507936
2026Q2,prevalence,latest_complete_cohort,0.020263901979264844,,85237,0.09988619965507936,0.09988619965507936
2026Q2,prevalence,cbpe,0.0061095811548258746,,85237,0.09988619965507936,0.09988619965507936
2026Q2,prevalence,da_cbpe,0.0068887633137717985,,85237,0.09988619965507936,0.09988619965507936
2026Q2,roc_auc,reference,0.8229454635004397,,85237,0.09988619965507936,0.09988619965507936
2026Q2,roc_auc,labels_to_date,0.801322340902163,,85237,0.09988619965507936,0.09988619965507936
2026Q2,roc_auc,latest_complete_cohort,0.79260489725606,,85237,0.09988619965507936,0.09988619965507936
2026Q2,roc_auc,cbpe,0.8066906394887188,,85237,0.09988619965507936,0.09988619965507936
2026Q2,roc_auc,da_cbpe,0.8022594911620735,,85237,0.09988619965507936,0.09988619965507936
