rho,policy,retrains,mean_loss,cost,regret
0.0,oracle,9,0.5464433120396789,16.393299361190365,0.0
0.0,never,0,0.5476181541792118,16.428544625376354,0.03524526418598839
0.0,always,29,0.5465779491714381,16.397338475143144,0.00403911395277845
0.0,every_3,9,0.5467724701238842,16.403174103716527,0.009874742526161384
0.0,every_6,4,0.5469165649478892,16.407496948436677,0.014197587246311372
0.0,every_12,2,0.5469580574853609,16.408741724560826,0.01544236337046101
0.0,alarm:psi_max,14,0.5467254668708578,16.401764006125735,0.008464644935369137
0.0,alarm:score_ks,29,0.5465779491714381,16.397338475143144,0.00403911395277845
0.0,alarm:domain_classifier,20,0.5467254668708578,16.401764006125735,0.008464644935369137
0.0,alarm:cbpe:roc_auc,9,0.5469816501508754,16.40944950452626,0.016150143335895706
0.0,alarm:latest_complete_cohort:roc_auc,13,0.5468772500024628,16.406317500073882,0.013018138883516883
0.0,alarm:recent_arrivals:roc_auc,12,0.5469159248326728,16.407477744980184,0.014178383789818838
0.25,oracle,8,0.5464480311324444,16.39559308226528,0.0
0.25,never,0,0.5476181541792118,16.428544625376354,0.032951543111074955
0.25,always,29,0.5465779491714381,16.405140012701445,0.009546930436165724
0.25,every_3,9,0.5467724701238842,16.405595270544964,0.010002188279685242
0.25,every_6,4,0.5469165649478892,16.40857302258265,0.01297994031737204
0.25,every_12,2,0.5469580574853609,16.40927976163381,0.01368667936853285
0.25,alarm:psi_max,14,0.5467254668708578,16.40553026563664,0.009937183371359737
0.25,alarm:score_ks,29,0.5465779491714381,16.405140012701445,0.009546930436165724
0.25,alarm:domain_classifier,20,0.5467254668708578,16.407144376855598,0.011551294590319117
0.25,alarm:cbpe:roc_auc,9,0.5469816501508754,16.4118706713547,0.016277589089419564
0.25,alarm:latest_complete_cohort:roc_auc,13,0.5468772500024628,16.409814741048294,0.014221658783014846
0.25,alarm:recent_arrivals:roc_auc,12,0.5469159248326728,16.410705967418103,0.015112885152824163
1.0,oracle,3,0.5465374828063464,16.39935270662831,0.0
1.0,never,0,0.5476181541792118,16.428544625376354,0.029191918748043832
1.0,always,29,0.5465779491714381,16.428544625376354,0.029191918748043832
1.0,every_3,9,0.5467724701238842,16.412858771030283,0.013506064401973106
1.0,every_6,4,0.5469165649478892,16.411801245020566,0.012448538392256125
1.0,every_12,2,0.5469580574853609,16.41089387285277,0.011541166224461108
1.0,alarm:psi_max,14,0.5467254668708578,16.416829044169354,0.017476337541044273
1.0,alarm:score_ks,29,0.5465779491714381,16.428544625376354,0.029191918748043832
1.0,alarm:domain_classifier,20,0.5467254668708578,16.42328548904519,0.02393278241687824
1.0,alarm:cbpe:roc_auc,9,0.5469816501508754,16.419134171840017,0.019781465211707427
1.0,alarm:latest_complete_cohort:roc_auc,13,0.5468772500024628,16.420306463971528,0.020953757343217916
1.0,alarm:recent_arrivals:roc_auc,12,0.5469159248326728,16.420390634731856,0.021037928103545767
4.0,oracle,1,0.5466784200853954,16.40465689914575,0.0
4.0,never,0,0.5476181541792118,16.428544625376354,0.023887726230604756
4.0,always,29,0.5465779491714381,16.522163076075984,0.11750617693023457
4.0,every_3,9,0.5467724701238842,16.441912772971545,0.03725587382579576
4.0,every_6,4,0.5469165649478892,16.42471413477224,0.020057235626492087
4.0,every_12,2,0.5469580574853609,16.41735031772861,0.01269341858285955
4.0,alarm:psi_max,14,0.5467254668708578,16.46202415830021,0.057367259154460726
4.0,alarm:score_ks,29,0.5465779491714381,16.522163076075984,0.11750617693023457
4.0,alarm:domain_classifier,20,0.5467254668708578,16.487849937803556,0.08319303865780725
4.0,alarm:cbpe:roc_auc,9,0.5469816501508754,16.44818817378128,0.04353127463553008
4.0,alarm:latest_complete_cohort:roc_auc,13,0.5468772500024628,16.462273355664465,0.05761645651871561
4.0,alarm:recent_arrivals:roc_auc,12,0.5469159248326728,16.459129303986877,0.05447240484112825
