metric,estimator,mae,bias,periods,experiment,seed
prevalence,reference,0.06862047127390385,-0.06348130460209885,5,tabred_ecom,0
prevalence,recent_arrivals,0.07715676698753042,-0.0739392377717079,5,tabred_ecom,0
prevalence,latest_complete_cohort,0.09656471723436297,-0.09656471723436297,4,tabred_ecom,0
prevalence,da_cbpe,0.15457513922186877,-0.00105463868293747,5,tabred_ecom,0
prevalence,cbpe,0.17281019794561123,0.14946214342483746,5,tabred_ecom,0
prevalence,da_cbpe_hz,0.18785818649474276,-0.046584710720621585,5,tabred_ecom,0
roc_auc,latest_complete_cohort,0.07664406361792869,0.07664406361792869,4,tabred_ecom,0
roc_auc,recent_arrivals,0.10123461970669319,0.10123461970669319,5,tabred_ecom,0
roc_auc,da_cbpe,0.10380596558970998,0.10380596558970998,5,tabred_ecom,0
roc_auc,da_cbpe_hz,0.10441267786835344,0.10441267786835344,5,tabred_ecom,0
roc_auc,cbpe,0.10531538048637457,0.10446274718221049,5,tabred_ecom,0
roc_auc,reference,0.2244261228788738,0.2244261228788738,5,tabred_ecom,0
prevalence,reference,0.07116569566465995,-0.06772334525335903,5,tabred_ecom,1
prevalence,recent_arrivals,0.07715676698753042,-0.0739392377717079,5,tabred_ecom,1
prevalence,latest_complete_cohort,0.09656471723436297,-0.09656471723436297,4,tabred_ecom,1
prevalence,da_cbpe,0.13409014094673205,-0.012598575857583633,5,tabred_ecom,1
prevalence,da_cbpe_hz,0.1401410061900592,-0.032708567339127546,5,tabred_ecom,1
prevalence,cbpe,0.1628595142376507,0.14947646878720286,5,tabred_ecom,1
roc_auc,latest_complete_cohort,0.06319653698983399,0.06319653698983399,4,tabred_ecom,1
roc_auc,da_cbpe_hz,0.0876312751243254,0.044249709506529934,5,tabred_ecom,1
roc_auc,da_cbpe,0.08866852369397164,0.045269517286495795,5,tabred_ecom,1
roc_auc,recent_arrivals,0.09275787077107356,0.09275787077107356,5,tabred_ecom,1
roc_auc,cbpe,0.0966225365546354,0.053354660067595615,5,tabred_ecom,1
roc_auc,reference,0.21567048803690203,0.21567048803690203,5,tabred_ecom,1
prevalence,reference,0.07233375114860083,-0.06967010439326046,5,tabred_ecom,2
prevalence,recent_arrivals,0.07715676698753042,-0.0739392377717079,5,tabred_ecom,2
prevalence,latest_complete_cohort,0.09656471723436297,-0.09656471723436297,4,tabred_ecom,2
prevalence,da_cbpe,0.14247600009548686,-0.025193302663471757,5,tabred_ecom,2
prevalence,cbpe,0.17029816226976147,0.13827500004877047,5,tabred_ecom,2
prevalence,da_cbpe_hz,0.1948027525921695,-0.08391082569964783,5,tabred_ecom,2
roc_auc,latest_complete_cohort,0.08197494537582833,0.08197494537582833,4,tabred_ecom,2
roc_auc,recent_arrivals,0.11937943893134517,0.11089354142953818,5,tabred_ecom,2
roc_auc,da_cbpe_hz,0.1591071082621502,0.1591071082621502,5,tabred_ecom,2
roc_auc,da_cbpe,0.16048292020524252,0.16048292020524252,5,tabred_ecom,2
roc_auc,cbpe,0.16437516584169795,0.16437516584169795,5,tabred_ecom,2
roc_auc,reference,0.2750449533954376,0.27504495339543766,5,tabred_ecom,2
prevalence,reference,0.06791332516902786,-0.062302727760638874,5,tabred_ecom,3
prevalence,recent_arrivals,0.07715676698753042,-0.0739392377717079,5,tabred_ecom,3
prevalence,latest_complete_cohort,0.09656471723436297,-0.09656471723436297,4,tabred_ecom,3
prevalence,da_cbpe,0.14653765005748637,0.003598951451608834,5,tabred_ecom,3
prevalence,da_cbpe_hz,0.16705185898910282,-0.0395390997096351,5,tabred_ecom,3
prevalence,cbpe,0.1886243618731946,0.1787520473574121,5,tabred_ecom,3
roc_auc,latest_complete_cohort,0.04942413370942325,0.04942413370942325,4,tabred_ecom,3
roc_auc,recent_arrivals,0.0863703705781171,0.0863703705781171,5,tabred_ecom,3
roc_auc,da_cbpe_hz,0.09081887425497534,0.09081887425497534,5,tabred_ecom,3
roc_auc,da_cbpe,0.09305231449973232,0.09305231449973232,5,tabred_ecom,3
roc_auc,cbpe,0.10277256269613907,0.10277256269613907,5,tabred_ecom,3
roc_auc,reference,0.2112356947779091,0.2112356947779091,5,tabred_ecom,3
prevalence,reference,0.0686596282747883,-0.06354656627023962,5,tabred_ecom,4
prevalence,recent_arrivals,0.07715676698753042,-0.0739392377717079,5,tabred_ecom,4
prevalence,latest_complete_cohort,0.09656471723436297,-0.09656471723436297,4,tabred_ecom,4
prevalence,da_cbpe,0.1470020614510123,-0.013273771550506092,5,tabred_ecom,4
prevalence,da_cbpe_hz,0.16843606201353198,-0.05141738862023042,5,tabred_ecom,4
prevalence,cbpe,0.17594317311343521,0.14834165045453326,5,tabred_ecom,4
roc_auc,latest_complete_cohort,0.08743032733457368,0.08743032733457368,4,tabred_ecom,4
roc_auc,cbpe,0.09736813719524777,0.09736813719524777,5,tabred_ecom,4
roc_auc,da_cbpe,0.09852555029337047,0.09852555029337047,5,tabred_ecom,4
roc_auc,da_cbpe_hz,0.09961901235068593,0.09961901235068593,5,tabred_ecom,4
roc_auc,recent_arrivals,0.10743381892400786,0.10743381892400786,5,tabred_ecom,4
roc_auc,reference,0.2315651458987417,0.2315651458987417,5,tabred_ecom,4
prevalence,cbpe,0.007204540826596649,-0.0041345612563514446,20,tabred_homesite,0
prevalence,da_cbpe,0.0072740165685587985,-0.0027188281455559444,20,tabred_homesite,0
prevalence,da_cbpe_hz,0.008080871158983514,-0.0030599176566122543,20,tabred_homesite,0
prevalence,recent_arrivals,0.015981808925658942,0.0003852066940467011,20,tabred_homesite,0
prevalence,latest_complete_cohort,0.016049009670571567,0.003102619906142129,20,tabred_homesite,0
prevalence,reference,0.023679223339752285,0.019965787507158418,20,tabred_homesite,0
roc_auc,latest_complete_cohort,0.005951175802806963,0.0007236965581111753,20,tabred_homesite,0
roc_auc,recent_arrivals,0.005966825173681844,0.0026274833566291788,20,tabred_homesite,0
roc_auc,da_cbpe,0.008383620382742863,0.00454793270751438,20,tabred_homesite,0
roc_auc,da_cbpe_hz,0.008459164765168243,0.004649581788397467,20,tabred_homesite,0
roc_auc,cbpe,0.008463121613932428,0.004920243408333885,20,tabred_homesite,0
roc_auc,reference,0.016440599237685278,0.016440599237685278,20,tabred_homesite,0
prevalence,da_cbpe,0.00422537556559633,-0.0012857043973927215,20,tabred_homesite,1
prevalence,da_cbpe_hz,0.004480805023948297,-0.001524888699427815,20,tabred_homesite,1
prevalence,cbpe,0.004544365610561198,-0.003013343767812425,20,tabred_homesite,1
prevalence,recent_arrivals,0.015981808925658942,0.0003852066940467011,20,tabred_homesite,1
prevalence,latest_complete_cohort,0.016049009670571567,0.003102619906142129,20,tabred_homesite,1
prevalence,reference,0.022708395318145246,0.01834774080448002,20,tabred_homesite,1
roc_auc,da_cbpe,0.0042993928134967,0.0033616880413663785,20,tabred_homesite,1
roc_auc,da_cbpe_hz,0.004302232477590951,0.0034524238220781877,20,tabred_homesite,1
roc_auc,cbpe,0.004565629943758748,0.003963494837463605,20,tabred_homesite,1
roc_auc,latest_complete_cohort,0.005568697477410784,0.0006882509053243446,20,tabred_homesite,1
roc_auc,recent_arrivals,0.005692286347596065,0.0027172378020009157,20,tabred_homesite,1
roc_auc,reference,0.012670211864119563,0.01258202379391996,20,tabred_homesite,1
prevalence,da_cbpe,0.0039040654802554877,-0.0013369534677929048,20,tabred_homesite,2
prevalence,cbpe,0.004114178494294865,-0.0026925929977111157,20,tabred_homesite,2
prevalence,da_cbpe_hz,0.004420828649708898,-0.001386483639607318,20,tabred_homesite,2
prevalence,recent_arrivals,0.015981808925658942,0.0003852066940467011,20,tabred_homesite,2
prevalence,latest_complete_cohort,0.016049009670571567,0.003102619906142129,20,tabred_homesite,2
prevalence,reference,0.026105566953506087,0.0235124356867576,20,tabred_homesite,2
roc_auc,da_cbpe_hz,0.004125232367575521,0.0033040896755506866,20,tabred_homesite,2
roc_auc,da_cbpe,0.004146198906365667,0.003257147707023983,20,tabred_homesite,2
roc_auc,cbpe,0.004397722349274852,0.003772146983571417,20,tabred_homesite,2
roc_auc,latest_complete_cohort,0.005507756857144569,0.0008189673936128405,20,tabred_homesite,2
roc_auc,recent_arrivals,0.00570243175939274,0.002905836598108308,20,tabred_homesite,2
roc_auc,reference,0.013530150400190432,0.013429322182237436,20,tabred_homesite,2
prevalence,da_cbpe,0.003485948988654207,-0.0010086141034471405,20,tabred_homesite,3
prevalence,da_cbpe_hz,0.0038521826634279276,-0.0011847387209300204,20,tabred_homesite,3
prevalence,cbpe,0.004336477695796886,-0.0037220674446611203,20,tabred_homesite,3
prevalence,recent_arrivals,0.015981808925658942,0.0003852066940467011,20,tabred_homesite,3
prevalence,latest_complete_cohort,0.016049009670571567,0.003102619906142129,20,tabred_homesite,3
prevalence,reference,0.02388909872248767,0.020315579811717395,20,tabred_homesite,3
roc_auc,da_cbpe_hz,0.0030654630026132725,0.001977088048865189,20,tabred_homesite,3
roc_auc,da_cbpe,0.0030758894070935516,0.001904171580213171,20,tabred_homesite,3
roc_auc,cbpe,0.0033021325874205364,0.0026661581030850146,20,tabred_homesite,3
roc_auc,latest_complete_cohort,0.005668419016911624,0.0005681659829171626,20,tabred_homesite,3
roc_auc,recent_arrivals,0.0058457645807034,0.002427517987212563,20,tabred_homesite,3
roc_auc,reference,0.011916196628666376,0.011649385842693682,20,tabred_homesite,3
prevalence,da_cbpe,0.0042421277169059825,-0.0009092304028399528,20,tabred_homesite,4
prevalence,da_cbpe_hz,0.0044633231841759834,-0.0011683604774826676,20,tabred_homesite,4
prevalence,cbpe,0.005937743478231737,-0.004867943281652994,20,tabred_homesite,4
prevalence,recent_arrivals,0.015981808925658942,0.0003852066940467011,20,tabred_homesite,4
prevalence,latest_complete_cohort,0.016049009670571567,0.003102619906142129,20,tabred_homesite,4
prevalence,reference,0.021788496175722954,0.016717449490348986,20,tabred_homesite,4
roc_auc,da_cbpe,0.0043374335806700744,0.003111988066532995,20,tabred_homesite,4
roc_auc,da_cbpe_hz,0.004346938251787819,0.0032098764673309686,20,tabred_homesite,4
roc_auc,cbpe,0.004844656507723649,0.004285818989698759,20,tabred_homesite,4
roc_auc,latest_complete_cohort,0.005257063492272118,0.0009223816286813569,20,tabred_homesite,4
roc_auc,recent_arrivals,0.005599915909349301,0.00289159836224539,20,tabred_homesite,4
roc_auc,reference,0.013870919590853714,0.01382694840555777,20,tabred_homesite,4
prevalence,da_cbpe_hz,0.008138521015132743,0.005446580756276886,14,tabred_homecredit,0
prevalence,da_cbpe,0.008352581463766648,0.005545094711765411,14,tabred_homecredit,0
prevalence,cbpe,0.008810004527024922,0.007341434495673148,14,tabred_homecredit,0
prevalence,reference,0.00937765396328242,-0.002803117089554893,14,tabred_homecredit,0
prevalence,latest_complete_cohort,0.009873755708787972,0.0014788062297420663,14,tabred_homecredit,0
prevalence,recent_arrivals,0.011856936939152246,0.0032482037522095822,14,tabred_homecredit,0
roc_auc,cbpe,0.013564157406952779,0.004000378865876818,14,tabred_homecredit,0
roc_auc,da_cbpe,0.013577348827333508,0.004059226342119542,14,tabred_homecredit,0
roc_auc,da_cbpe_hz,0.013596439665322004,0.0040708114386437955,14,tabred_homecredit,0
roc_auc,reference,0.015157351035164286,0.0008897543972835043,14,tabred_homecredit,0
roc_auc,latest_complete_cohort,0.01597521121367788,-0.0037071219984834186,14,tabred_homecredit,0
roc_auc,recent_arrivals,0.023188916003172005,0.004539747176446713,14,tabred_homecredit,0
prevalence,cbpe,0.008103091799842962,0.0003744825423874721,14,tabred_homecredit,1
prevalence,reference,0.00937765396328242,-0.0034423883982344825,14,tabred_homecredit,1
prevalence,da_cbpe_hz,0.009454884716424267,0.0006312795510871873,14,tabred_homecredit,1
prevalence,da_cbpe,0.00957182584261657,0.0007879410855579112,14,tabred_homecredit,1
prevalence,latest_complete_cohort,0.009873755708787972,0.0014788062297420663,14,tabred_homecredit,1
prevalence,recent_arrivals,0.011856936939152246,0.0032482037522095822,14,tabred_homecredit,1
roc_auc,cbpe,0.017191225855579147,-0.006188318826586262,14,tabred_homecredit,1
roc_auc,da_cbpe_hz,0.017264622425326257,-0.006294717306824659,14,tabred_homecredit,1
roc_auc,da_cbpe,0.01726586112999067,-0.006303795561996529,14,tabred_homecredit,1
roc_auc,reference,0.01810035610351438,-0.004744568376898279,14,tabred_homecredit,1
roc_auc,latest_complete_cohort,0.021790974609092167,-0.0034370753329437636,14,tabred_homecredit,1
roc_auc,recent_arrivals,0.02780210214314128,0.004572001070686663,14,tabred_homecredit,1
prevalence,cbpe,0.00852010912213342,0.005318368666079887,14,tabred_homecredit,2
prevalence,da_cbpe_hz,0.00867661134140911,0.004169961576680926,14,tabred_homecredit,2
prevalence,da_cbpe,0.008806112185360676,0.004233803917279121,14,tabred_homecredit,2
prevalence,reference,0.00937765396328242,-0.00312232052027629,14,tabred_homecredit,2
prevalence,latest_complete_cohort,0.009873755708787972,0.0014788062297420663,14,tabred_homecredit,2
prevalence,recent_arrivals,0.011856936939152246,0.0032482037522095822,14,tabred_homecredit,2
roc_auc,da_cbpe,0.014925641670214707,0.0059039158702174355,14,tabred_homecredit,2
roc_auc,cbpe,0.014929037779133767,0.005918178709331637,14,tabred_homecredit,2
roc_auc,da_cbpe_hz,0.014934891449895278,0.005891721049141049,14,tabred_homecredit,2
roc_auc,reference,0.015464840792810146,0.004175635490558494,14,tabred_homecredit,2
roc_auc,latest_complete_cohort,0.016551493907512555,-0.004711441625463521,14,tabred_homecredit,2
roc_auc,recent_arrivals,0.023526523916758673,0.003566450529110849,14,tabred_homecredit,2
prevalence,da_cbpe_hz,0.008776648620548015,0.006767396915842057,14,tabred_homecredit,3
prevalence,da_cbpe,0.009363166850158481,0.00678602959543055,14,tabred_homecredit,3
prevalence,reference,0.009377653963282417,-0.002652289845070475,14,tabred_homecredit,3
prevalence,latest_complete_cohort,0.009873755708787972,0.0014788062297420663,14,tabred_homecredit,3
prevalence,recent_arrivals,0.011856936939152246,0.0032482037522095822,14,tabred_homecredit,3
prevalence,cbpe,0.01209302284492759,0.011924652170412716,14,tabred_homecredit,3
roc_auc,da_cbpe_hz,0.017746974012219252,-0.008651920137788927,14,tabred_homecredit,3
roc_auc,da_cbpe,0.017762377890718353,-0.008650258666439639,14,tabred_homecredit,3
roc_auc,cbpe,0.01796941744524742,-0.008989280665298003,14,tabred_homecredit,3
roc_auc,reference,0.021300080495496563,0.013788986569949415,14,tabred_homecredit,3
roc_auc,latest_complete_cohort,0.022645325908932628,-0.0034253970023438362,14,tabred_homecredit,3
roc_auc,recent_arrivals,0.028582719220912673,0.006745999090908569,14,tabred_homecredit,3
prevalence,cbpe,0.007054969578074813,0.000631216162731363,14,tabred_homecredit,4
prevalence,da_cbpe_hz,0.008158983139558712,0.0020677933426550424,14,tabred_homecredit,4
prevalence,da_cbpe,0.008242332653846024,0.0021295399650544783,14,tabred_homecredit,4
prevalence,reference,0.009410572159803034,-0.0038622474724770753,14,tabred_homecredit,4
prevalence,latest_complete_cohort,0.009873755708787972,0.0014788062297420663,14,tabred_homecredit,4
prevalence,recent_arrivals,0.011856936939152246,0.0032482037522095822,14,tabred_homecredit,4
roc_auc,latest_complete_cohort,0.015683160111672066,-0.006126710569506469,14,tabred_homecredit,4
roc_auc,cbpe,0.016019534662180986,-0.0007347537598113971,14,tabred_homecredit,4
roc_auc,da_cbpe,0.01602996988894212,-0.0008502346634888168,14,tabred_homecredit,4
roc_auc,da_cbpe_hz,0.0160332263459384,-0.0008526831212854548,14,tabred_homecredit,4
roc_auc,reference,0.020070504696680074,0.006562209308991008,14,tabred_homecredit,4
roc_auc,recent_arrivals,0.02383359634244875,0.0009377464184044472,14,tabred_homecredit,4
accuracy,latest_complete_cohort,0.008866250000000006,0.008866250000000006,8,acs_income_2016,0
accuracy,da_cbpe,0.013825895838200791,0.013825895838200791,8,acs_income_2016,0
accuracy,da_cbpe_hz,0.014307900081631297,0.014307900081631297,8,acs_income_2016,0
accuracy,atc,0.025028749999999975,0.025028749999999975,8,acs_income_2016,0
accuracy,cbpe,0.029368803193168175,0.029368803193168175,8,acs_income_2016,0
accuracy,doc,0.029410974138741774,0.029410974138741774,8,acs_income_2016,0
accuracy,reference,0.03544915717102182,0.03544915717102182,8,acs_income_2016,0
prevalence,da_cbpe,0.01756198148719873,-0.01756198148719873,8,acs_income_2016,0
prevalence,da_cbpe_hz,0.019080211364848,-0.019080211364848,8,acs_income_2016,0
prevalence,latest_complete_cohort,0.01987125,-0.01987125,8,acs_income_2016,0
prevalence,cbpe,0.07576177075550541,-0.07576177075550541,8,acs_income_2016,0
prevalence,reference,0.0931515868308494,-0.0931515868308494,8,acs_income_2016,0
roc_auc,latest_complete_cohort,0.0017651453664949274,0.0015379837533104207,8,acs_income_2016,0
roc_auc,cbpe,0.005982475209457411,0.005982475209457411,8,acs_income_2016,0
roc_auc,da_cbpe_hz,0.007909845936175428,0.007909845936175428,8,acs_income_2016,0
roc_auc,da_cbpe,0.007962487512752761,0.007962487512752761,8,acs_income_2016,0
roc_auc,reference,0.008021475730529457,0.008021475730529457,8,acs_income_2016,0
accuracy,latest_complete_cohort,0.008457500000000007,0.008457500000000007,8,acs_income_2016,1
accuracy,da_cbpe,0.012108958981588147,0.012108958981588147,8,acs_income_2016,1
accuracy,da_cbpe_hz,0.013227749675877629,0.013227749675877629,8,acs_income_2016,1
accuracy,atc,0.025427500000000006,0.025427500000000006,8,acs_income_2016,1
accuracy,doc,0.02873058331669537,0.02873058331669537,8,acs_income_2016,1
accuracy,cbpe,0.02901472767866642,0.02901472767866642,8,acs_income_2016,1
accuracy,reference,0.03534965448914351,0.03534965448914351,8,acs_income_2016,1
prevalence,da_cbpe,0.01706158682069754,-0.01706158682069754,8,acs_income_2016,1
prevalence,latest_complete_cohort,0.019652499999999996,-0.019652499999999996,8,acs_income_2016,1
prevalence,da_cbpe_hz,0.01971873826340538,-0.01971873826340538,8,acs_income_2016,1
prevalence,cbpe,0.07598725683160129,-0.07598725683160129,8,acs_income_2016,1
prevalence,reference,0.0905123994272013,-0.0905123994272013,8,acs_income_2016,1
roc_auc,latest_complete_cohort,0.0016920942159475288,0.001328062577161379,8,acs_income_2016,1
roc_auc,cbpe,0.00493561424963164,0.00493561424963164,8,acs_income_2016,1
roc_auc,da_cbpe_hz,0.006557897856812531,0.006557897856812531,8,acs_income_2016,1
roc_auc,da_cbpe,0.006663178547530776,0.006663178547530776,8,acs_income_2016,1
roc_auc,reference,0.008236609571053988,0.008236609571053988,8,acs_income_2016,1
accuracy,latest_complete_cohort,0.008591249999999995,0.008591249999999995,8,acs_income_2016,2
accuracy,da_cbpe,0.013836942292768342,0.013836942292768342,8,acs_income_2016,2
accuracy,da_cbpe_hz,0.015052882803990225,0.015052882803990225,8,acs_income_2016,2
accuracy,atc,0.028156249999999994,0.028156249999999994,8,acs_income_2016,2
accuracy,doc,0.030572455529015205,0.030572455529015205,8,acs_income_2016,2
accuracy,cbpe,0.030882034729465366,0.030882034729465366,8,acs_income_2016,2
accuracy,reference,0.03666733811749,0.03666733811749,8,acs_income_2016,2
prevalence,da_cbpe,0.017647193063051708,-0.017647193063051708,8,acs_income_2016,2
prevalence,latest_complete_cohort,0.019764999999999998,-0.019764999999999998,8,acs_income_2016,2
prevalence,da_cbpe_hz,0.02065233813978941,-0.02065233813978941,8,acs_income_2016,2
prevalence,cbpe,0.07884287635805726,-0.07884287635805726,8,acs_income_2016,2
prevalence,reference,0.09287879172229642,-0.09287879172229643,8,acs_income_2016,2
roc_auc,latest_complete_cohort,0.002147147686700268,0.0014884495678601783,8,acs_income_2016,2
roc_auc,cbpe,0.007034624768439621,0.007034624768439621,8,acs_income_2016,2
roc_auc,da_cbpe_hz,0.008930392493803743,0.008930392493803743,8,acs_income_2016,2
roc_auc,da_cbpe,0.00905768782013372,0.00905768782013372,8,acs_income_2016,2
roc_auc,reference,0.009742352191003764,0.009742352191003764,8,acs_income_2016,2
accuracy,latest_complete_cohort,0.008828749999999996,0.008828749999999996,8,acs_income_2016,3
accuracy,da_cbpe,0.017250367377306994,0.017250367377306994,8,acs_income_2016,3
accuracy,da_cbpe_hz,0.01871759495285559,0.01871759495285559,8,acs_income_2016,3
accuracy,doc,0.03384266835367104,0.03384266835367104,8,acs_income_2016,3
accuracy,cbpe,0.03447935943054235,0.03447935943054235,8,acs_income_2016,3
accuracy,atc,0.03458,0.03458,8,acs_income_2016,3
accuracy,reference,0.03981375232527244,0.03981375232527244,8,acs_income_2016,3
prevalence,da_cbpe,0.01842449309261951,-0.01842449309261951,8,acs_income_2016,3
prevalence,latest_complete_cohort,0.020157499999999995,-0.020157499999999995,8,acs_income_2016,3
prevalence,da_cbpe_hz,0.02246791449191094,-0.02246791449191094,8,acs_income_2016,3
prevalence,cbpe,0.07710172180048341,-0.07710172180048341,8,acs_income_2016,3
prevalence,reference,0.09377731862875366,-0.09377731862875366,8,acs_income_2016,3
roc_auc,latest_complete_cohort,0.002281583078339214,0.0016225766104873834,8,acs_income_2016,3
roc_auc,cbpe,0.010415502192315407,0.010415502192315407,8,acs_income_2016,3
roc_auc,da_cbpe_hz,0.01238442671498495,0.01238442671498495,8,acs_income_2016,3
roc_auc,da_cbpe,0.0125314634256119,0.0125314634256119,8,acs_income_2016,3
roc_auc,reference,0.012993947157045896,0.012993947157045896,8,acs_income_2016,3
accuracy,latest_complete_cohort,0.008691249999999998,0.008691249999999998,8,acs_income_2016,4
accuracy,da_cbpe,0.015578792151632659,0.015578792151632659,8,acs_income_2016,4
accuracy,da_cbpe_hz,0.015800578455615555,0.015800578455615555,8,acs_income_2016,4
accuracy,doc,0.03275818710108824,0.03275818710108824,8,acs_income_2016,4
accuracy,cbpe,0.03303816603282915,0.03303816603282915,8,acs_income_2016,4
accuracy,atc,0.03365000000000001,0.03365000000000001,8,acs_income_2016,4
accuracy,reference,0.037183902808782865,0.037183902808782865,8,acs_income_2016,4
prevalence,da_cbpe,0.01851723932160622,-0.01851723932160622,8,acs_income_2016,4
prevalence,da_cbpe_hz,0.019183707795785376,-0.019183707795785376,8,acs_income_2016,4
prevalence,latest_complete_cohort,0.0202125,-0.0202125,8,acs_income_2016,4
prevalence,cbpe,0.08107401961865124,-0.08107401961865124,8,acs_income_2016,4
prevalence,reference,0.0942891141338753,-0.09428911413387532,8,acs_income_2016,4
roc_auc,latest_complete_cohort,0.001788484316166905,0.001483843766189652,8,acs_income_2016,4
roc_auc,cbpe,0.00714429178275347,0.00714429178275347,8,acs_income_2016,4
roc_auc,reference,0.00878060273932292,0.00878060273932292,8,acs_income_2016,4
roc_auc,da_cbpe_hz,0.009200166943136717,0.009200166943136717,8,acs_income_2016,4
roc_auc,da_cbpe,0.00922544977255027,0.00922544977255027,8,acs_income_2016,4
