metric,estimator,mae,bias,periods
prevalence,da_cbpe_hz,0.008138521015132743,0.005446580756276886,14
prevalence,da_cbpe,0.008352581463766648,0.005545094711765411,14
prevalence,cbpe,0.008810004527024922,0.007341434495673148,14
prevalence,reference,0.00937765396328242,-0.002803117089554893,14
prevalence,latest_complete_cohort,0.009873755708787972,0.0014788062297420663,14
prevalence,recent_arrivals,0.011856936939152246,0.0032482037522095822,14
roc_auc,cbpe,0.013564157406952779,0.004000378865876818,14
roc_auc,da_cbpe,0.013577348827333508,0.004059226342119542,14
roc_auc,da_cbpe_hz,0.013596439665322004,0.0040708114386437955,14
roc_auc,reference,0.015157351035164286,0.0008897543972835043,14
roc_auc,latest_complete_cohort,0.01597521121367788,-0.0037071219984834186,14
roc_auc,recent_arrivals,0.023188916003172005,0.004539747176446713,14
