period,metric,estimator,estimate,truth,n,label_coverage
2019-07,roc_auc,reference,0.7656896715410031,0.7612645659067688,50000,1.0
2019-07,roc_auc,recent_arrivals,0.7673859955831586,0.7612645659067688,50000,1.0
2019-07,roc_auc,latest_complete_cohort,0.7659268062476702,0.7612645659067688,50000,1.0
2019-07,roc_auc,cbpe,0.7633366419683041,0.7612645659067688,50000,1.0
2019-07,roc_auc,atc,,0.7612645659067688,50000,1.0
2019-07,roc_auc,doc,,0.7612645659067688,50000,1.0
2019-07,roc_auc,da_cbpe,0.7557398576966854,0.7612645659067688,50000,1.0
2019-07,roc_auc,da_cbpe_hz,0.7483528079003912,0.7612645659067688,50000,1.0
2019-07,accuracy,reference,0.7563920809913771,0.75424,50000,1.0
2019-07,accuracy,recent_arrivals,0.7542743967340779,0.75424,50000,1.0
2019-07,accuracy,latest_complete_cohort,0.75264,0.75424,50000,1.0
2019-07,accuracy,cbpe,0.7550699877560526,0.75424,50000,1.0
2019-07,accuracy,atc,0.75644,0.75424,50000,1.0
2019-07,accuracy,doc,0.7550384403844829,0.75424,50000,1.0
2019-07,accuracy,da_cbpe,0.7320820907303702,0.75424,50000,1.0
2019-07,accuracy,da_cbpe_hz,0.706516758366779,0.75424,50000,1.0
2019-07,prevalence,reference,0.5759294160815251,0.57746,50000,1.0
2019-07,prevalence,recent_arrivals,0.5730857843467482,0.57746,50000,1.0
2019-07,prevalence,latest_complete_cohort,0.56572,0.57746,50000,1.0
2019-07,prevalence,cbpe,0.5787451105246428,0.57746,50000,1.0
2019-07,prevalence,atc,,0.57746,50000,1.0
2019-07,prevalence,doc,,0.57746,50000,1.0
2019-07,prevalence,da_cbpe,0.5436584418148837,0.57746,50000,1.0
2019-07,prevalence,da_cbpe_hz,0.5076257478886445,0.57746,50000,1.0
2019-08,roc_auc,reference,0.7656896715410031,0.7544424088095065,50000,1.0
2019-08,roc_auc,recent_arrivals,0.7645014826401572,0.7544424088095065,50000,1.0
2019-08,roc_auc,latest_complete_cohort,0.7612645659067688,0.7544424088095065,50000,1.0
2019-08,roc_auc,cbpe,0.7602425888787673,0.7544424088095065,50000,1.0
2019-08,roc_auc,atc,,0.7544424088095065,50000,1.0
2019-08,roc_auc,doc,,0.7544424088095065,50000,1.0
2019-08,roc_auc,da_cbpe,0.7535193494773346,0.7544424088095065,50000,1.0
2019-08,roc_auc,da_cbpe_hz,0.7451826749497074,0.7544424088095065,50000,1.0
2019-08,accuracy,reference,0.7563920809913771,0.7556,50000,1.0
2019-08,accuracy,recent_arrivals,0.7525361625331547,0.7556,50000,1.0
2019-08,accuracy,latest_complete_cohort,0.75424,0.7556,50000,1.0
2019-08,accuracy,cbpe,0.7545637953757184,0.7556,50000,1.0
2019-08,accuracy,atc,0.75694,0.7556,50000,1.0
2019-08,accuracy,doc,0.7546801373318125,0.7556,50000,1.0
2019-08,accuracy,da_cbpe,0.7342623323834493,0.7556,50000,1.0
2019-08,accuracy,da_cbpe_hz,0.7054644360532701,0.7556,50000,1.0
2019-08,prevalence,reference,0.5759294160815251,0.58496,50000,1.0
2019-08,prevalence,recent_arrivals,0.5711150911924749,0.58496,50000,1.0
2019-08,prevalence,latest_complete_cohort,0.57746,0.58496,50000,1.0
2019-08,prevalence,cbpe,0.5834063276336462,0.58496,50000,1.0
2019-08,prevalence,atc,,0.58496,50000,1.0
2019-08,prevalence,doc,,0.58496,50000,1.0
2019-08,prevalence,da_cbpe,0.5528259237049017,0.58496,50000,1.0
2019-08,prevalence,da_cbpe_hz,0.5126523065842281,0.58496,50000,1.0
2019-09,roc_auc,reference,0.7656896715410031,0.764779041113723,50000,1.0
2019-09,roc_auc,recent_arrivals,0.7604351101025355,0.764779041113723,50000,1.0
2019-09,roc_auc,latest_complete_cohort,0.7539746733171444,0.764779041113723,50000,1.0
2019-09,roc_auc,cbpe,0.7658337608060705,0.764779041113723,50000,1.0
2019-09,roc_auc,atc,,0.764779041113723,50000,1.0
2019-09,roc_auc,doc,,0.764779041113723,50000,1.0
2019-09,roc_auc,da_cbpe,0.7601011184210228,0.764779041113723,50000,1.0
2019-09,roc_auc,da_cbpe_hz,0.754331827141725,0.764779041113723,50000,1.0
2019-09,accuracy,reference,0.7563920809913771,0.75394,50000,1.0
2019-09,accuracy,recent_arrivals,0.7540004484579163,0.75394,50000,1.0
2019-09,accuracy,latest_complete_cohort,0.7552049180327869,0.75394,50000,1.0
2019-09,accuracy,cbpe,0.7547213698476557,0.75394,50000,1.0
2019-09,accuracy,atc,0.75146,0.75394,50000,1.0
2019-09,accuracy,doc,0.7548812261827206,0.75394,50000,1.0
2019-09,accuracy,da_cbpe,0.7376546494712434,0.75394,50000,1.0
2019-09,accuracy,da_cbpe_hz,0.7186178086190994,0.75394,50000,1.0
2019-09,prevalence,reference,0.5759294160815251,0.56506,50000,1.0
2019-09,prevalence,recent_arrivals,0.5762616276304435,0.56506,50000,1.0
2019-09,prevalence,latest_complete_cohort,0.5847950819672131,0.56506,50000,1.0
2019-09,prevalence,cbpe,0.5705465557886251,0.56506,50000,1.0
2019-09,prevalence,atc,,0.56506,50000,1.0
2019-09,prevalence,doc,,0.56506,50000,1.0
2019-09,prevalence,da_cbpe,0.543670431615479,0.56506,50000,1.0
2019-09,prevalence,da_cbpe_hz,0.5156861141208884,0.56506,50000,1.0
2019-10,roc_auc,reference,0.7656896715410031,0.7647532417260811,50000,1.0
2019-10,roc_auc,recent_arrivals,0.7606249371391219,0.7647532417260811,50000,1.0
2019-10,roc_auc,latest_complete_cohort,0.764779041113723,0.7647532417260811,50000,1.0
2019-10,roc_auc,cbpe,0.7631099273349404,0.7647532417260811,50000,1.0
2019-10,roc_auc,atc,,0.7647532417260811,50000,1.0
2019-10,roc_auc,doc,,0.7647532417260811,50000,1.0
2019-10,roc_auc,da_cbpe,0.7579925480714564,0.7647532417260811,50000,1.0
2019-10,roc_auc,da_cbpe_hz,0.7525506710109044,0.7647532417260811,50000,1.0
2019-10,accuracy,reference,0.7563920809913771,0.75428,50000,1.0
2019-10,accuracy,recent_arrivals,0.7547156967522787,0.75428,50000,1.0
2019-10,accuracy,latest_complete_cohort,0.75394,0.75428,50000,1.0
2019-10,accuracy,cbpe,0.7539698729554773,0.75428,50000,1.0
2019-10,accuracy,atc,0.74668,0.75428,50000,1.0
2019-10,accuracy,doc,0.7541794842882877,0.75428,50000,1.0
2019-10,accuracy,da_cbpe,0.7387048463998329,0.75428,50000,1.0
2019-10,accuracy,da_cbpe_hz,0.7208650883089064,0.75428,50000,1.0
2019-10,prevalence,reference,0.5759294160815251,0.57158,50000,1.0
2019-10,prevalence,recent_arrivals,0.5753320218103102,0.57158,50000,1.0
2019-10,prevalence,latest_complete_cohort,0.56506,0.57158,50000,1.0
2019-10,prevalence,cbpe,0.574869244989379,0.57158,50000,1.0
2019-10,prevalence,atc,,0.57158,50000,1.0
2019-10,prevalence,doc,,0.57158,50000,1.0
2019-10,prevalence,da_cbpe,0.5511798197584056,0.57158,50000,1.0
2019-10,prevalence,da_cbpe_hz,0.5251327945031774,0.57158,50000,1.0
2019-11,roc_auc,reference,0.7656896715410031,0.7604993053286279,50000,1.0
2019-11,roc_auc,recent_arrivals,0.7613255981168949,0.7604993053286279,50000,1.0
2019-11,roc_auc,latest_complete_cohort,0.7650854151913353,0.7604993053286279,50000,1.0
2019-11,roc_auc,cbpe,0.7621522101150795,0.7604993053286279,50000,1.0
2019-11,roc_auc,atc,,0.7604993053286279,50000,1.0
2019-11,roc_auc,doc,,0.7604993053286279,50000,1.0
2019-11,roc_auc,da_cbpe,0.7571556774228766,0.7604993053286279,50000,1.0
2019-11,roc_auc,da_cbpe_hz,0.753002246670389,0.7604993053286279,50000,1.0
2019-11,accuracy,reference,0.7563920809913771,0.75392,50000,1.0
2019-11,accuracy,recent_arrivals,0.754619975797685,0.75392,50000,1.0
2019-11,accuracy,latest_complete_cohort,0.75503314001657,0.75392,50000,1.0
2019-11,accuracy,cbpe,0.7539415195523337,0.75392,50000,1.0
2019-11,accuracy,atc,0.7534,0.75392,50000,1.0
2019-11,accuracy,doc,0.7541803976414169,0.75392,50000,1.0
2019-11,accuracy,da_cbpe,0.7391033203748016,0.75392,50000,1.0
2019-11,accuracy,da_cbpe_hz,0.7257200729201839,0.75392,50000,1.0
2019-11,prevalence,reference,0.5759294160815251,0.57654,50000,1.0
2019-11,prevalence,recent_arrivals,0.5739230311690265,0.57654,50000,1.0
2019-11,prevalence,latest_complete_cohort,0.5720173985086993,0.57654,50000,1.0
2019-11,prevalence,cbpe,0.5763087030509748,0.57654,50000,1.0
2019-11,prevalence,atc,,0.57654,50000,1.0
2019-11,prevalence,doc,,0.57654,50000,1.0
2019-11,prevalence,da_cbpe,0.5533236228280558,0.57654,50000,1.0
2019-11,prevalence,da_cbpe_hz,0.5336607941914832,0.57654,50000,1.0
2019-12,roc_auc,reference,0.7656896715410031,0.7626148005083072,50000,1.0
2019-12,roc_auc,recent_arrivals,0.7632878479623082,0.7626148005083072,50000,1.0
2019-12,roc_auc,latest_complete_cohort,0.7604993053286279,0.7626148005083072,50000,1.0
2019-12,roc_auc,cbpe,0.7640481217153005,0.7626148005083072,50000,1.0
2019-12,roc_auc,atc,,0.7626148005083072,50000,1.0
2019-12,roc_auc,doc,,0.7626148005083072,50000,1.0
2019-12,roc_auc,da_cbpe,0.7604657811171704,0.7626148005083072,50000,1.0
2019-12,roc_auc,da_cbpe_hz,0.757785848572632,0.7626148005083072,50000,1.0
2019-12,accuracy,reference,0.7563920809913771,0.7546,50000,1.0
2019-12,accuracy,recent_arrivals,0.7539820990056494,0.7546,50000,1.0
2019-12,accuracy,latest_complete_cohort,0.75392,0.7546,50000,1.0
2019-12,accuracy,cbpe,0.7549058441536672,0.7546,50000,1.0
2019-12,accuracy,atc,0.7605,0.7546,50000,1.0
2019-12,accuracy,doc,0.754980705112911,0.7546,50000,1.0
2019-12,accuracy,da_cbpe,0.7444653091393015,0.7546,50000,1.0
2019-12,accuracy,da_cbpe_hz,0.7362002718667523,0.7546,50000,1.0
2019-12,prevalence,reference,0.5759294160815251,0.57894,50000,1.0
2019-12,prevalence,recent_arrivals,0.5712014063149985,0.57894,50000,1.0
2019-12,prevalence,latest_complete_cohort,0.57654,0.57894,50000,1.0
2019-12,prevalence,cbpe,0.5752462280100878,0.57894,50000,1.0
2019-12,prevalence,atc,,0.57894,50000,1.0
2019-12,prevalence,doc,,0.57894,50000,1.0
2019-12,prevalence,da_cbpe,0.5587302222481428,0.57894,50000,1.0
2019-12,prevalence,da_cbpe_hz,0.5461592357450799,0.57894,50000,1.0
2020-01,roc_auc,reference,0.7656896715410031,0.7471886225996713,50000,1.0
2020-01,roc_auc,recent_arrivals,0.762635281483203,0.7471886225996713,50000,1.0
2020-01,roc_auc,latest_complete_cohort,0.7626148005083072,0.7471886225996713,50000,1.0
2020-01,roc_auc,cbpe,0.7466472249340153,0.7471886225996713,50000,1.0
2020-01,roc_auc,atc,,0.7471886225996713,50000,1.0
2020-01,roc_auc,doc,,0.7471886225996713,50000,1.0
2020-01,roc_auc,da_cbpe,0.7440682030201385,0.7471886225996713,50000,1.0
2020-01,roc_auc,da_cbpe_hz,0.7388358532622843,0.7471886225996713,50000,1.0
2020-01,accuracy,reference,0.7563920809913771,0.75622,50000,1.0
2020-01,accuracy,recent_arrivals,0.7543136627134692,0.75622,50000,1.0
2020-01,accuracy,latest_complete_cohort,0.7546,0.75622,50000,1.0
2020-01,accuracy,cbpe,0.7516226708765763,0.75622,50000,1.0
2020-01,accuracy,atc,0.7556,0.75622,50000,1.0
2020-01,accuracy,doc,0.752224467583085,0.75622,50000,1.0
2020-01,accuracy,da_cbpe,0.7437519725711871,0.75622,50000,1.0
2020-01,accuracy,da_cbpe_hz,0.7265891096522309,0.75622,50000,1.0
2020-01,prevalence,reference,0.5759294160815251,0.60842,50000,1.0
2020-01,prevalence,recent_arrivals,0.5755206027206899,0.60842,50000,1.0
2020-01,prevalence,latest_complete_cohort,0.57894,0.60842,50000,1.0
2020-01,prevalence,cbpe,0.6037652131876551,0.60842,50000,1.0
2020-01,prevalence,atc,,0.60842,50000,1.0
2020-01,prevalence,doc,,0.60842,50000,1.0
2020-01,prevalence,da_cbpe,0.5925235935324022,0.60842,50000,1.0
2020-01,prevalence,da_cbpe_hz,0.5688637951999402,0.60842,50000,1.0
2020-02,roc_auc,reference,0.7656896715410031,0.7471908720688871,50000,1.0
2020-02,roc_auc,recent_arrivals,0.757760899098391,0.7471908720688871,50000,1.0
2020-02,roc_auc,latest_complete_cohort,0.7626148005083072,0.7471908720688871,50000,1.0
2020-02,roc_auc,cbpe,0.7491814997767993,0.7471908720688871,50000,1.0
2020-02,roc_auc,atc,,0.7471908720688871,50000,1.0
2020-02,roc_auc,doc,,0.7471908720688871,50000,1.0
2020-02,roc_auc,da_cbpe,0.7493463155910068,0.7471908720688871,50000,1.0
2020-02,roc_auc,da_cbpe_hz,0.7485485347364575,0.7471908720688871,50000,1.0
2020-02,accuracy,reference,0.7563920809913771,0.75172,50000,1.0
2020-02,accuracy,recent_arrivals,0.755067278684936,0.75172,50000,1.0
2020-02,accuracy,latest_complete_cohort,0.7546,0.75172,50000,1.0
2020-02,accuracy,cbpe,0.752060007639931,0.75172,50000,1.0
2020-02,accuracy,atc,0.7519,0.75172,50000,1.0
2020-02,accuracy,doc,0.7525437805876746,0.75172,50000,1.0
2020-02,accuracy,da_cbpe,0.752548507716644,0.75172,50000,1.0
2020-02,accuracy,da_cbpe_hz,0.7501706435438981,0.75172,50000,1.0
2020-02,prevalence,reference,0.5759294160815251,0.59968,50000,1.0
2020-02,prevalence,recent_arrivals,0.5875170163425296,0.59968,50000,1.0
2020-02,prevalence,latest_complete_cohort,0.57894,0.59968,50000,1.0
2020-02,prevalence,cbpe,0.6005888505710268,0.59968,50000,1.0
2020-02,prevalence,atc,,0.59968,50000,1.0
2020-02,prevalence,doc,,0.59968,50000,1.0
2020-02,prevalence,da_cbpe,0.6013039468624802,0.59968,50000,1.0
2020-02,prevalence,da_cbpe_hz,0.5978345297727276,0.59968,50000,1.0
2020-03,roc_auc,reference,0.7656896715410031,0.751096531430918,50000,1.0
2020-03,roc_auc,recent_arrivals,0.7525861602751734,0.751096531430918,50000,1.0
2020-03,roc_auc,latest_complete_cohort,0.7471908720688871,0.751096531430918,50000,1.0
2020-03,roc_auc,cbpe,0.7510537235684998,0.751096531430918,50000,1.0
2020-03,roc_auc,atc,,0.751096531430918,50000,1.0
2020-03,roc_auc,doc,,0.751096531430918,50000,1.0
2020-03,roc_auc,da_cbpe,0.7506642467123247,0.751096531430918,50000,1.0
2020-03,roc_auc,da_cbpe_hz,0.74912562120899,0.751096531430918,50000,1.0
2020-03,accuracy,reference,0.7563920809913771,0.75182,50000,1.0
2020-03,accuracy,recent_arrivals,0.7541597477596187,0.75182,50000,1.0
2020-03,accuracy,latest_complete_cohort,0.75172,0.75182,50000,1.0
2020-03,accuracy,cbpe,0.7512176766398622,0.75182,50000,1.0
2020-03,accuracy,atc,0.74382,0.75182,50000,1.0
2020-03,accuracy,doc,0.7517145029778692,0.75182,50000,1.0
2020-03,accuracy,da_cbpe,0.750059249899222,0.75182,50000,1.0
2020-03,accuracy,da_cbpe_hz,0.7454001418041979,0.75182,50000,1.0
2020-03,prevalence,reference,0.5759294160815251,0.5934,50000,1.0
2020-03,prevalence,recent_arrivals,0.5960254660598197,0.5934,50000,1.0
2020-03,prevalence,latest_complete_cohort,0.59968,0.5934,50000,1.0
2020-03,prevalence,cbpe,0.595557201289143,0.5934,50000,1.0
2020-03,prevalence,atc,,0.5934,50000,1.0
2020-03,prevalence,doc,,0.5934,50000,1.0
2020-03,prevalence,da_cbpe,0.5938425850511656,0.5934,50000,1.0
2020-03,prevalence,da_cbpe_hz,0.5870163791759972,0.5934,50000,1.0
2020-04,roc_auc,reference,0.7656896715410031,0.741892856781888,50000,1.0
2020-04,roc_auc,recent_arrivals,0.748581187202065,0.741892856781888,50000,1.0
2020-04,roc_auc,latest_complete_cohort,0.7512107475344967,0.741892856781888,50000,1.0
2020-04,roc_auc,cbpe,0.7584402579879769,0.741892856781888,50000,1.0
2020-04,roc_auc,atc,,0.741892856781888,50000,1.0
2020-04,roc_auc,doc,,0.741892856781888,50000,1.0
2020-04,roc_auc,da_cbpe,0.7586210613161974,0.741892856781888,50000,1.0
2020-04,roc_auc,da_cbpe_hz,0.7570920417155905,0.741892856781888,50000,1.0
2020-04,accuracy,reference,0.7563920809913771,0.73706,50000,1.0
2020-04,accuracy,recent_arrivals,0.7533009961368837,0.73706,50000,1.0
2020-04,accuracy,latest_complete_cohort,0.7519597425770365,0.73706,50000,1.0
2020-04,accuracy,cbpe,0.752003818254676,0.73706,50000,1.0
2020-04,accuracy,atc,0.73378,0.73706,50000,1.0
2020-04,accuracy,doc,0.7512876404648098,0.73706,50000,1.0
2020-04,accuracy,da_cbpe,0.7525490563303368,0.73706,50000,1.0
2020-04,accuracy,da_cbpe_hz,0.7478750926166519,0.73706,50000,1.0
2020-04,prevalence,reference,0.5759294160815251,0.612,50000,1.0
2020-04,prevalence,recent_arrivals,0.6004910627906511,0.612,50000,1.0
2020-04,prevalence,latest_complete_cohort,0.5933559213296177,0.612,50000,1.0
2020-04,prevalence,cbpe,0.592706842387118,0.612,50000,1.0
2020-04,prevalence,atc,,0.612,50000,1.0
2020-04,prevalence,doc,,0.612,50000,1.0
2020-04,prevalence,da_cbpe,0.593552288446202,0.612,50000,1.0
2020-04,prevalence,da_cbpe_hz,0.5863658876819702,0.612,50000,1.0
2020-05,roc_auc,reference,0.7656896715410031,0.7380812642817507,50000,1.0
2020-05,roc_auc,recent_arrivals,0.7469515724647834,0.7380812642817507,50000,1.0
2020-05,roc_auc,latest_complete_cohort,0.741892856781888,0.7380812642817507,50000,1.0
2020-05,roc_auc,cbpe,0.7583904697349831,0.7380812642817507,50000,1.0
2020-05,roc_auc,atc,,0.7380812642817507,50000,1.0
2020-05,roc_auc,doc,,0.7380812642817507,50000,1.0
2020-05,roc_auc,da_cbpe,0.7587254883433746,0.7380812642817507,50000,1.0
2020-05,roc_auc,da_cbpe_hz,0.7563774364340725,0.7380812642817507,50000,1.0
2020-05,accuracy,reference,0.7563920809913771,0.73854,50000,1.0
2020-05,accuracy,recent_arrivals,0.7468666666666667,0.73854,50000,1.0
2020-05,accuracy,latest_complete_cohort,0.73706,0.73854,50000,1.0
2020-05,accuracy,cbpe,0.751612160607622,0.73854,50000,1.0
2020-05,accuracy,atc,0.73542,0.73854,50000,1.0
2020-05,accuracy,doc,0.7514064158972128,0.73854,50000,1.0
2020-05,accuracy,da_cbpe,0.7526010428078673,0.73854,50000,1.0
2020-05,accuracy,da_cbpe_hz,0.7455326902752977,0.73854,50000,1.0
2020-05,prevalence,reference,0.5759294160815251,0.61038,50000,1.0
2020-05,prevalence,recent_arrivals,0.6016933333333333,0.61038,50000,1.0
2020-05,prevalence,latest_complete_cohort,0.612,0.61038,50000,1.0
2020-05,prevalence,cbpe,0.5873476006360571,0.61038,50000,1.0
2020-05,prevalence,atc,,0.61038,50000,1.0
2020-05,prevalence,doc,,0.61038,50000,1.0
2020-05,prevalence,da_cbpe,0.5888865922786839,0.61038,50000,1.0
2020-05,prevalence,da_cbpe_hz,0.5780227059022495,0.61038,50000,1.0
2020-06,roc_auc,reference,0.7656896715410031,0.7434195803303628,50000,1.0
2020-06,roc_auc,recent_arrivals,0.742973284066937,0.7434195803303628,50000,1.0
2020-06,roc_auc,latest_complete_cohort,0.7377622783502684,0.7434195803303628,50000,1.0
2020-06,roc_auc,cbpe,0.7575674228901271,0.7434195803303628,50000,1.0
2020-06,roc_auc,atc,,0.7434195803303628,50000,1.0
2020-06,roc_auc,doc,,0.7434195803303628,50000,1.0
2020-06,roc_auc,da_cbpe,0.7583464506193696,0.7434195803303628,50000,1.0
2020-06,roc_auc,da_cbpe_hz,0.7542100657028271,0.7434195803303628,50000,1.0
2020-06,accuracy,reference,0.7563920809913771,0.74682,50000,1.0
2020-06,accuracy,recent_arrivals,0.7419780400994929,0.74682,50000,1.0
2020-06,accuracy,latest_complete_cohort,0.7383921027141768,0.74682,50000,1.0
2020-06,accuracy,cbpe,0.7512035332217878,0.74682,50000,1.0
2020-06,accuracy,atc,0.73624,0.74682,50000,1.0
2020-06,accuracy,doc,0.7512527310888716,0.74682,50000,1.0
2020-06,accuracy,da_cbpe,0.7534613739845819,0.74682,50000,1.0
2020-06,accuracy,da_cbpe_hz,0.7410826825642604,0.74682,50000,1.0
2020-06,prevalence,reference,0.5759294160815251,0.61126,50000,1.0
2020-06,prevalence,recent_arrivals,0.605731836358889,0.61126,50000,1.0
2020-06,prevalence,latest_complete_cohort,0.6105146013230839,0.61126,50000,1.0
2020-06,prevalence,cbpe,0.5834192290158551,0.61126,50000,1.0
2020-06,prevalence,atc,,0.61126,50000,1.0
2020-06,prevalence,doc,,0.61126,50000,1.0
2020-06,prevalence,da_cbpe,0.5869593508054698,0.61126,50000,1.0
2020-06,prevalence,da_cbpe_hz,0.5679488837979478,0.61126,50000,1.0
2020-07,roc_auc,reference,0.7656896715410031,0.7374063059555038,50000,1.0
2020-07,roc_auc,recent_arrivals,0.7410873725381115,0.7374063059555038,50000,1.0
2020-07,roc_auc,latest_complete_cohort,0.7434195803303628,0.7374063059555038,50000,1.0
2020-07,roc_auc,cbpe,0.7499699482951773,0.7374063059555038,50000,1.0
2020-07,roc_auc,atc,,0.7374063059555038,50000,1.0
2020-07,roc_auc,doc,,0.7374063059555038,50000,1.0
2020-07,roc_auc,da_cbpe,0.7507619249483037,0.7374063059555038,50000,1.0
2020-07,roc_auc,da_cbpe_hz,0.7491301817897374,0.7374063059555038,50000,1.0
2020-07,accuracy,reference,0.7563920809913771,0.74922,50000,1.0
2020-07,accuracy,recent_arrivals,0.7408525670901808,0.74922,50000,1.0
2020-07,accuracy,latest_complete_cohort,0.74682,0.74922,50000,1.0
2020-07,accuracy,cbpe,0.7511624865318364,0.74922,50000,1.0
2020-07,accuracy,atc,0.748,0.74922,50000,1.0
2020-07,accuracy,doc,0.751424167207685,0.74922,50000,1.0
2020-07,accuracy,da_cbpe,0.7534890570059505,0.74922,50000,1.0
2020-07,accuracy,da_cbpe_hz,0.7486577374880213,0.74922,50000,1.0
2020-07,prevalence,reference,0.5759294160815251,0.61848,50000,1.0
2020-07,prevalence,recent_arrivals,0.6114612251514722,0.61848,50000,1.0
2020-07,prevalence,latest_complete_cohort,0.61126,0.61848,50000,1.0
2020-07,prevalence,cbpe,0.5971086730500519,0.61848,50000,1.0
2020-07,prevalence,atc,,0.61848,50000,1.0
2020-07,prevalence,doc,,0.61848,50000,1.0
2020-07,prevalence,da_cbpe,0.6005768352863561,0.61848,50000,1.0
2020-07,prevalence,da_cbpe_hz,0.5934076057874818,0.61848,50000,1.0
2020-08,roc_auc,reference,0.7656896715410031,0.7354730900398448,50000,1.0
2020-08,roc_auc,recent_arrivals,0.7393435500499839,0.7354730900398448,50000,1.0
2020-08,roc_auc,latest_complete_cohort,0.7374063059555038,0.7354730900398448,50000,1.0
2020-08,roc_auc,cbpe,0.7480613061466089,0.7354730900398448,50000,1.0
2020-08,roc_auc,atc,,0.7354730900398448,50000,1.0
2020-08,roc_auc,doc,,0.7354730900398448,50000,1.0
2020-08,roc_auc,da_cbpe,0.7508022931578059,0.7354730900398448,50000,1.0
2020-08,roc_auc,da_cbpe_hz,0.7477572802976712,0.7354730900398448,50000,1.0
2020-08,accuracy,reference,0.7563920809913771,0.74744,50000,1.0
2020-08,accuracy,recent_arrivals,0.7447291356665784,0.74744,50000,1.0
2020-08,accuracy,latest_complete_cohort,0.74922,0.74744,50000,1.0
2020-08,accuracy,cbpe,0.7520572158371156,0.74744,50000,1.0
2020-08,accuracy,atc,0.75626,0.74744,50000,1.0
2020-08,accuracy,doc,0.752629227220979,0.74744,50000,1.0
2020-08,accuracy,da_cbpe,0.759996530820764,0.74744,50000,1.0
2020-08,accuracy,da_cbpe_hz,0.7511512399903465,0.74744,50000,1.0
2020-08,prevalence,reference,0.5759294160815251,0.61868,50000,1.0
2020-08,prevalence,recent_arrivals,0.6135129809684937,0.61868,50000,1.0
2020-08,prevalence,latest_complete_cohort,0.61848,0.61868,50000,1.0
2020-08,prevalence,cbpe,0.602484449845507,0.61868,50000,1.0
2020-08,prevalence,atc,,0.61868,50000,1.0
2020-08,prevalence,doc,,0.61868,50000,1.0
2020-08,prevalence,da_cbpe,0.6142283883600032,0.61868,50000,1.0
2020-08,prevalence,da_cbpe_hz,0.6011653785645769,0.61868,50000,1.0
2020-09,roc_auc,reference,0.7656896715410031,0.7335586361558202,50000,1.0
2020-09,roc_auc,recent_arrivals,0.739062144611991,0.7335586361558202,50000,1.0
2020-09,roc_auc,latest_complete_cohort,0.736197527587905,0.7335586361558202,50000,1.0
2020-09,roc_auc,cbpe,0.7399169223182861,0.7335586361558202,50000,1.0
2020-09,roc_auc,atc,,0.7335586361558202,50000,1.0
2020-09,roc_auc,doc,,0.7335586361558202,50000,1.0
2020-09,roc_auc,da_cbpe,0.7420017470129038,0.7335586361558202,50000,1.0
2020-09,roc_auc,da_cbpe_hz,0.738522849481116,0.7335586361558202,50000,1.0
2020-09,accuracy,reference,0.7563920809913771,0.75008,50000,1.0
2020-09,accuracy,recent_arrivals,0.7478860112791418,0.75008,50000,1.0
2020-09,accuracy,latest_complete_cohort,0.7474934091711124,0.75008,50000,1.0
2020-09,accuracy,cbpe,0.748573226585229,0.75008,50000,1.0
2020-09,accuracy,atc,0.7427,0.75008,50000,1.0
2020-09,accuracy,doc,0.7493533157739064,0.75008,50000,1.0
2020-09,accuracy,da_cbpe,0.7548088185276837,0.75008,50000,1.0
2020-09,accuracy,da_cbpe_hz,0.7442667963097364,0.75008,50000,1.0
2020-09,prevalence,reference,0.5759294160815251,0.62426,50000,1.0
2020-09,prevalence,recent_arrivals,0.6161962489030388,0.62426,50000,1.0
2020-09,prevalence,latest_complete_cohort,0.6188736429120046,0.62426,50000,1.0
2020-09,prevalence,cbpe,0.6069441816589021,0.62426,50000,1.0
2020-09,prevalence,atc,,0.62426,50000,1.0
2020-09,prevalence,doc,,0.62426,50000,1.0
2020-09,prevalence,da_cbpe,0.6158682377298675,0.62426,50000,1.0
2020-09,prevalence,da_cbpe_hz,0.6008800864816828,0.62426,50000,1.0
2020-10,roc_auc,reference,0.7656896715410031,0.730075299918981,50000,1.0
2020-10,roc_auc,recent_arrivals,0.7351288617691701,0.730075299918981,50000,1.0
2020-10,roc_auc,latest_complete_cohort,0.7335586361558202,0.730075299918981,50000,1.0
2020-10,roc_auc,cbpe,0.7364006300985445,0.730075299918981,50000,1.0
2020-10,roc_auc,atc,,0.730075299918981,50000,1.0
2020-10,roc_auc,doc,,0.730075299918981,50000,1.0
2020-10,roc_auc,da_cbpe,0.7402053124222951,0.730075299918981,50000,1.0
2020-10,roc_auc,da_cbpe_hz,0.7331184587879139,0.730075299918981,50000,1.0
2020-10,accuracy,reference,0.7563920809913771,0.74928,50000,1.0
2020-10,accuracy,recent_arrivals,0.7491259992231104,0.74928,50000,1.0
2020-10,accuracy,latest_complete_cohort,0.75008,0.74928,50000,1.0
2020-10,accuracy,cbpe,0.747521242537589,0.74928,50000,1.0
2020-10,accuracy,atc,0.74014,0.74928,50000,1.0
2020-10,accuracy,doc,0.7484909638440905,0.74928,50000,1.0
2020-10,accuracy,da_cbpe,0.7588550900227479,0.74928,50000,1.0
2020-10,accuracy,da_cbpe_hz,0.7370781900676139,0.74928,50000,1.0
2020-10,prevalence,reference,0.5759294160815251,0.6241,50000,1.0
2020-10,prevalence,recent_arrivals,0.6207756629117004,0.6241,50000,1.0
2020-10,prevalence,latest_complete_cohort,0.62426,0.6241,50000,1.0
2020-10,prevalence,cbpe,0.6098177545614019,0.6241,50000,1.0
2020-10,prevalence,atc,,0.6241,50000,1.0
2020-10,prevalence,doc,,0.6241,50000,1.0
2020-10,prevalence,da_cbpe,0.6259323736423152,0.6241,50000,1.0
2020-10,prevalence,da_cbpe_hz,0.595429410255537,0.6241,50000,1.0
2020-11,roc_auc,reference,0.7656896715410031,0.7290999105218289,50000,1.0
2020-11,roc_auc,recent_arrivals,0.7328963865105603,0.7290999105218289,50000,1.0
2020-11,roc_auc,latest_complete_cohort,0.7300010246106011,0.7290999105218289,50000,1.0
2020-11,roc_auc,cbpe,0.7384017304542817,0.7290999105218289,50000,1.0
2020-11,roc_auc,atc,,0.7290999105218289,50000,1.0
2020-11,roc_auc,doc,,0.7290999105218289,50000,1.0
2020-11,roc_auc,da_cbpe,0.7415466404835532,0.7290999105218289,50000,1.0
2020-11,roc_auc,da_cbpe_hz,0.739961232979475,0.7290999105218289,50000,1.0
2020-11,accuracy,reference,0.7563920809913771,0.7448,50000,1.0
2020-11,accuracy,recent_arrivals,0.7488931271711736,0.7448,50000,1.0
2020-11,accuracy,latest_complete_cohort,0.7490658473802209,0.7448,50000,1.0
2020-11,accuracy,cbpe,0.748446154771821,0.7448,50000,1.0
2020-11,accuracy,atc,0.74688,0.7448,50000,1.0
2020-11,accuracy,doc,0.7494329299618075,0.7448,50000,1.0
2020-11,accuracy,da_cbpe,0.7578097260894079,0.7448,50000,1.0
2020-11,accuracy,da_cbpe_hz,0.7531579342132417,0.7448,50000,1.0
2020-11,prevalence,reference,0.5759294160815251,0.62108,50000,1.0
2020-11,prevalence,recent_arrivals,0.6226823785845651,0.62108,50000,1.0
2020-11,prevalence,latest_complete_cohort,0.6246159594785352,0.62108,50000,1.0
2020-11,prevalence,cbpe,0.6086617181474667,0.62108,50000,1.0
2020-11,prevalence,atc,,0.62108,50000,1.0
2020-11,prevalence,doc,,0.62108,50000,1.0
2020-11,prevalence,da_cbpe,0.6220292300001566,0.62108,50000,1.0
2020-11,prevalence,da_cbpe_hz,0.6153385635263189,0.62108,50000,1.0
2020-12,roc_auc,reference,0.7656896715410031,0.7246719991484333,50000,1.0
2020-12,roc_auc,recent_arrivals,0.7307494325874944,0.7246719991484333,50000,1.0
2020-12,roc_auc,latest_complete_cohort,0.7290999105218289,0.7246719991484333,50000,1.0
2020-12,roc_auc,cbpe,0.7354808673508503,0.7246719991484333,50000,1.0
2020-12,roc_auc,atc,,0.7246719991484333,50000,1.0
2020-12,roc_auc,doc,,0.7246719991484333,50000,1.0
2020-12,roc_auc,da_cbpe,0.7382051249465219,0.7246719991484333,50000,1.0
2020-12,roc_auc,da_cbpe_hz,0.7350851621329997,0.7246719991484333,50000,1.0
2020-12,accuracy,reference,0.7563920809913771,0.74976,50000,1.0
2020-12,accuracy,recent_arrivals,0.7480444821411742,0.74976,50000,1.0
2020-12,accuracy,latest_complete_cohort,0.7448,0.74976,50000,1.0
2020-12,accuracy,cbpe,0.7482871200615867,0.74976,50000,1.0
2020-12,accuracy,atc,0.74814,0.74976,50000,1.0
2020-12,accuracy,doc,0.7492404695991913,0.74976,50000,1.0
2020-12,accuracy,da_cbpe,0.7565326132259464,0.74976,50000,1.0
2020-12,accuracy,da_cbpe_hz,0.7470538065091863,0.74976,50000,1.0
2020-12,prevalence,reference,0.5759294160815251,0.63448,50000,1.0
2020-12,prevalence,recent_arrivals,0.6232009908854692,0.63448,50000,1.0
2020-12,prevalence,latest_complete_cohort,0.62108,0.63448,50000,1.0
2020-12,prevalence,cbpe,0.6135210929217471,0.63448,50000,1.0
2020-12,prevalence,atc,,0.63448,50000,1.0
2020-12,prevalence,doc,,0.63448,50000,1.0
2020-12,prevalence,da_cbpe,0.6251287864786188,0.63448,50000,1.0
2020-12,prevalence,da_cbpe_hz,0.611808764074152,0.63448,50000,1.0
2021-01,roc_auc,reference,0.7656896715410031,0.7267903740058129,50000,1.0
2021-01,roc_auc,recent_arrivals,0.7281570857582128,0.7267903740058129,50000,1.0
2021-01,roc_auc,latest_complete_cohort,0.7246719991484333,0.7267903740058129,50000,1.0
2021-01,roc_auc,cbpe,0.7357448801609255,0.7267903740058129,50000,1.0
2021-01,roc_auc,atc,,0.7267903740058129,50000,1.0
2021-01,roc_auc,doc,,0.7267903740058129,50000,1.0
2021-01,roc_auc,da_cbpe,0.7392732026073576,0.7267903740058129,50000,1.0
2021-01,roc_auc,da_cbpe_hz,0.7345968707620085,0.7267903740058129,50000,1.0
2021-01,accuracy,reference,0.7563920809913771,0.75382,50000,1.0
2021-01,accuracy,recent_arrivals,0.7481356534090909,0.75382,50000,1.0
2021-01,accuracy,latest_complete_cohort,0.74976,0.75382,50000,1.0
2021-01,accuracy,cbpe,0.7494693331835186,0.75382,50000,1.0
2021-01,accuracy,atc,0.75576,0.75382,50000,1.0
2021-01,accuracy,doc,0.7502911043343067,0.75382,50000,1.0
2021-01,accuracy,da_cbpe,0.7600480672054871,0.75382,50000,1.0
2021-01,accuracy,da_cbpe_hz,0.7458713045962059,0.75382,50000,1.0
2021-01,prevalence,reference,0.5759294160815251,0.642,50000,1.0
2021-01,prevalence,recent_arrivals,0.6266663024475524,0.642,50000,1.0
2021-01,prevalence,latest_complete_cohort,0.63448,0.642,50000,1.0
2021-01,prevalence,cbpe,0.6168741686411063,0.642,50000,1.0
2021-01,prevalence,atc,,0.642,50000,1.0
2021-01,prevalence,doc,,0.642,50000,1.0
2021-01,prevalence,da_cbpe,0.6317385948405544,0.642,50000,1.0
2021-01,prevalence,da_cbpe_hz,0.6119203056813465,0.642,50000,1.0
2021-02,roc_auc,reference,0.7656896715410031,0.7242672909226229,50000,1.0
2021-02,roc_auc,recent_arrivals,0.7268757045943743,0.7242672909226229,50000,1.0
2021-02,roc_auc,latest_complete_cohort,0.7246719991484333,0.7242672909226229,50000,1.0
2021-02,roc_auc,cbpe,0.7398466754902202,0.7242672909226229,50000,1.0
2021-02,roc_auc,atc,,0.7242672909226229,50000,1.0
2021-02,roc_auc,doc,,0.7242672909226229,50000,1.0
2021-02,roc_auc,da_cbpe,0.744177196182594,0.7242672909226229,50000,1.0
2021-02,roc_auc,da_cbpe_hz,0.7399492215949418,0.7242672909226229,50000,1.0
2021-02,accuracy,reference,0.7563920809913771,0.74814,50000,1.0
2021-02,accuracy,recent_arrivals,0.7490744326017105,0.74814,50000,1.0
2021-02,accuracy,latest_complete_cohort,0.74976,0.74814,50000,1.0
2021-02,accuracy,cbpe,0.7491891199710523,0.74814,50000,1.0
2021-02,accuracy,atc,0.7473,0.74814,50000,1.0
2021-02,accuracy,doc,0.7501392563302535,0.74814,50000,1.0
2021-02,accuracy,da_cbpe,0.7618426301718889,0.74814,50000,1.0
2021-02,accuracy,da_cbpe_hz,0.7495006660898463,0.74814,50000,1.0
2021-02,prevalence,reference,0.5759294160815251,0.63174,50000,1.0
2021-02,prevalence,recent_arrivals,0.6315528473510091,0.63174,50000,1.0
2021-02,prevalence,latest_complete_cohort,0.63448,0.63174,50000,1.0
2021-02,prevalence,cbpe,0.6078785642509392,0.63174,50000,1.0
2021-02,prevalence,atc,,0.63174,50000,1.0
2021-02,prevalence,doc,,0.63174,50000,1.0
2021-02,prevalence,da_cbpe,0.626023027495159,0.63174,50000,1.0
2021-02,prevalence,da_cbpe_hz,0.6083166362172108,0.63174,50000,1.0
2021-03,roc_auc,reference,0.7656896715410031,0.7312220538200468,50000,1.0
2021-03,roc_auc,recent_arrivals,0.7253059149554695,0.7312220538200468,50000,1.0
2021-03,roc_auc,latest_complete_cohort,0.7242672909226229,0.7312220538200468,50000,1.0
2021-03,roc_auc,cbpe,0.7366944799125782,0.7312220538200468,50000,1.0
2021-03,roc_auc,atc,,0.7312220538200468,50000,1.0
2021-03,roc_auc,doc,,0.7312220538200468,50000,1.0
2021-03,roc_auc,da_cbpe,0.7408970422677095,0.7312220538200468,50000,1.0
2021-03,roc_auc,da_cbpe_hz,0.7305782528478969,0.7312220538200468,50000,1.0
2021-03,accuracy,reference,0.7563920809913771,0.75298,50000,1.0
2021-03,accuracy,recent_arrivals,0.7505733333333333,0.75298,50000,1.0
2021-03,accuracy,latest_complete_cohort,0.74814,0.75298,50000,1.0
2021-03,accuracy,cbpe,0.7486392128205778,0.75298,50000,1.0
2021-03,accuracy,atc,0.7435,0.75298,50000,1.0
2021-03,accuracy,doc,0.7495604736732716,0.75298,50000,1.0
2021-03,accuracy,da_cbpe,0.7611189519557445,0.75298,50000,1.0
2021-03,accuracy,da_cbpe_hz,0.7286283733971426,0.75298,50000,1.0
2021-03,prevalence,reference,0.5759294160815251,0.63512,50000,1.0
2021-03,prevalence,recent_arrivals,0.6360733333333334,0.63512,50000,1.0
2021-03,prevalence,latest_complete_cohort,0.63174,0.63512,50000,1.0
2021-03,prevalence,cbpe,0.6125790691565769,0.63512,50000,1.0
2021-03,prevalence,atc,,0.63512,50000,1.0
2021-03,prevalence,doc,,0.63512,50000,1.0
2021-03,prevalence,da_cbpe,0.6302021594207665,0.63512,50000,1.0
2021-03,prevalence,da_cbpe_hz,0.5855371468519157,0.63512,50000,1.0
2021-04,roc_auc,reference,0.7656896715410031,0.7351161085278035,50000,1.0
2021-04,roc_auc,recent_arrivals,0.7275067482144156,0.7351161085278035,50000,1.0
2021-04,roc_auc,latest_complete_cohort,0.7314788546665876,0.7351161085278035,50000,1.0
2021-04,roc_auc,cbpe,0.7399998230693293,0.7351161085278035,50000,1.0
2021-04,roc_auc,atc,,0.7351161085278035,50000,1.0
2021-04,roc_auc,doc,,0.7351161085278035,50000,1.0
2021-04,roc_auc,da_cbpe,0.7444628657320923,0.7351161085278035,50000,1.0
2021-04,roc_auc,da_cbpe_hz,0.7402128646182723,0.7351161085278035,50000,1.0
2021-04,accuracy,reference,0.7563920809913771,0.75412,50000,1.0
2021-04,accuracy,recent_arrivals,0.7517706802084725,0.75412,50000,1.0
2021-04,accuracy,latest_complete_cohort,0.7532292508967262,0.75412,50000,1.0
2021-04,accuracy,cbpe,0.7490682492410569,0.75412,50000,1.0
2021-04,accuracy,atc,0.74758,0.75412,50000,1.0
2021-04,accuracy,doc,0.7499594896515286,0.75412,50000,1.0
2021-04,accuracy,da_cbpe,0.7620751887825286,0.75412,50000,1.0
2021-04,accuracy,da_cbpe_hz,0.7497138869350474,0.75412,50000,1.0
2021-04,prevalence,reference,0.5759294160815251,0.62922,50000,1.0
2021-04,prevalence,recent_arrivals,0.6366363757851129,0.62922,50000,1.0
2021-04,prevalence,latest_complete_cohort,0.6353590014720822,0.62922,50000,1.0
2021-04,prevalence,cbpe,0.6075177880826754,0.62922,50000,1.0
2021-04,prevalence,atc,,0.62922,50000,1.0
2021-04,prevalence,doc,,0.62922,50000,1.0
2021-04,prevalence,da_cbpe,0.6263270296545586,0.62922,50000,1.0
2021-04,prevalence,da_cbpe_hz,0.6084327409318602,0.62922,50000,1.0
2021-05,roc_auc,reference,0.7656896715410031,0.7392539987077509,50000,1.0
2021-05,roc_auc,recent_arrivals,0.7303144742783648,0.7392539987077509,50000,1.0
2021-05,roc_auc,latest_complete_cohort,0.7351161085278035,0.7392539987077509,50000,1.0
2021-05,roc_auc,cbpe,0.743887866040256,0.7392539987077509,50000,1.0
2021-05,roc_auc,atc,,0.7392539987077509,50000,1.0
2021-05,roc_auc,doc,,0.7392539987077509,50000,1.0
2021-05,roc_auc,da_cbpe,0.7477613410926263,0.7392539987077509,50000,1.0
2021-05,roc_auc,da_cbpe_hz,0.7451072940417901,0.7392539987077509,50000,1.0
2021-05,accuracy,reference,0.7563920809913771,0.75374,50000,1.0
2021-05,accuracy,recent_arrivals,0.7519065036079713,0.75374,50000,1.0
2021-05,accuracy,latest_complete_cohort,0.75412,0.75374,50000,1.0
2021-05,accuracy,cbpe,0.7494664506867114,0.75374,50000,1.0
2021-05,accuracy,atc,0.7455,0.75374,50000,1.0
2021-05,accuracy,doc,0.7503360305396168,0.75374,50000,1.0
2021-05,accuracy,da_cbpe,0.7606425790086664,0.75374,50000,1.0
2021-05,accuracy,da_cbpe_hz,0.7530708498280723,0.75374,50000,1.0
2021-05,prevalence,reference,0.5759294160815251,0.61826,50000,1.0
2021-05,prevalence,recent_arrivals,0.6321655103080169,0.61826,50000,1.0
2021-05,prevalence,latest_complete_cohort,0.62922,0.61826,50000,1.0
2021-05,prevalence,cbpe,0.6013835174708201,0.61826,50000,1.0
2021-05,prevalence,atc,,0.61826,50000,1.0
2021-05,prevalence,doc,,0.61826,50000,1.0
2021-05,prevalence,da_cbpe,0.6178375158198455,0.61826,50000,1.0
2021-05,prevalence,da_cbpe_hz,0.6066188755537016,0.61826,50000,1.0
2021-06,roc_auc,reference,0.7656896715410031,0.7470036940932628,50000,1.0
2021-06,roc_auc,recent_arrivals,0.7351761958291557,0.7470036940932628,50000,1.0
2021-06,roc_auc,latest_complete_cohort,0.7391422961280945,0.7470036940932628,50000,1.0
2021-06,roc_auc,cbpe,0.7494468062371015,0.7470036940932628,50000,1.0
2021-06,roc_auc,atc,,0.7470036940932628,50000,1.0
2021-06,roc_auc,doc,,0.7470036940932628,50000,1.0
2021-06,roc_auc,da_cbpe,0.7539888049989393,0.7470036940932628,50000,1.0
2021-06,roc_auc,da_cbpe_hz,0.748654660797597,0.7470036940932628,50000,1.0
2021-06,accuracy,reference,0.7563920809913771,0.75864,50000,1.0
2021-06,accuracy,recent_arrivals,0.7536001952648279,0.75864,50000,1.0
2021-06,accuracy,latest_complete_cohort,0.7536018336607727,0.75864,50000,1.0
2021-06,accuracy,cbpe,0.7505834811923572,0.75864,50000,1.0
2021-06,accuracy,atc,0.743,0.75864,50000,1.0
2021-06,accuracy,doc,0.751405246779432,0.75864,50000,1.0
2021-06,accuracy,da_cbpe,0.7634105054406245,0.75864,50000,1.0
2021-06,accuracy,da_cbpe_hz,0.7482353124894094,0.75864,50000,1.0
2021-06,prevalence,reference,0.5759294160815251,0.61724,50000,1.0
2021-06,prevalence,recent_arrivals,0.6277357415995444,0.61724,50000,1.0
2021-06,prevalence,latest_complete_cohort,0.6188400458415193,0.61724,50000,1.0
2021-06,prevalence,cbpe,0.5937907628698484,0.61724,50000,1.0
2021-06,prevalence,atc,,0.61724,50000,1.0
2021-06,prevalence,doc,,0.61724,50000,1.0
2021-06,prevalence,da_cbpe,0.6133225160987961,0.61724,50000,1.0
2021-06,prevalence,da_cbpe_hz,0.5903194764659456,0.61724,50000,1.0
2021-07,roc_auc,reference,0.7656896715410031,0.7494733848803538,50000,1.0
2021-07,roc_auc,recent_arrivals,0.7408321780951453,0.7494733848803538,50000,1.0
2021-07,roc_auc,latest_complete_cohort,0.7470036940932628,0.7494733848803538,50000,1.0
2021-07,roc_auc,cbpe,0.7499132244576764,0.7494733848803538,50000,1.0
2021-07,roc_auc,atc,,0.7494733848803538,50000,1.0
2021-07,roc_auc,doc,,0.7494733848803538,50000,1.0
2021-07,roc_auc,da_cbpe,0.7543720382048559,0.7494733848803538,50000,1.0
2021-07,roc_auc,da_cbpe_hz,0.7494200480161284,0.7494733848803538,50000,1.0
2021-07,accuracy,reference,0.7563920809913771,0.7614,50000,1.0
2021-07,accuracy,recent_arrivals,0.755553907956108,0.7614,50000,1.0
2021-07,accuracy,latest_complete_cohort,0.75864,0.7614,50000,1.0
2021-07,accuracy,cbpe,0.751714464790145,0.7614,50000,1.0
2021-07,accuracy,atc,0.75536,0.7614,50000,1.0
2021-07,accuracy,doc,0.7523955272050763,0.7614,50000,1.0
2021-07,accuracy,da_cbpe,0.7641930175119197,0.7614,50000,1.0
2021-07,accuracy,da_cbpe_hz,0.750271021095894,0.7614,50000,1.0
2021-07,prevalence,reference,0.5759294160815251,0.61842,50000,1.0
2021-07,prevalence,recent_arrivals,0.6213636731282521,0.61842,50000,1.0
2021-07,prevalence,latest_complete_cohort,0.61724,0.61842,50000,1.0
2021-07,prevalence,cbpe,0.5959042766882319,0.61842,50000,1.0
2021-07,prevalence,atc,,0.61842,50000,1.0
2021-07,prevalence,doc,,0.61842,50000,1.0
2021-07,prevalence,da_cbpe,0.6149125616664495,0.61842,50000,1.0
2021-07,prevalence,da_cbpe_hz,0.5937649940404683,0.61842,50000,1.0
2021-08,roc_auc,reference,0.7656896715410031,0.7487376701514152,50000,1.0
2021-08,roc_auc,recent_arrivals,0.7453344069549851,0.7487376701514152,50000,1.0
2021-08,roc_auc,latest_complete_cohort,0.7494733848803538,0.7487376701514152,50000,1.0
2021-08,roc_auc,cbpe,0.7516956708724416,0.7487376701514152,50000,1.0
2021-08,roc_auc,atc,,0.7487376701514152,50000,1.0
2021-08,roc_auc,doc,,0.7487376701514152,50000,1.0
2021-08,roc_auc,da_cbpe,0.7553548185298036,0.7487376701514152,50000,1.0
2021-08,roc_auc,da_cbpe_hz,0.7504567548974623,0.7487376701514152,50000,1.0
2021-08,accuracy,reference,0.7563920809913771,0.75932,50000,1.0
2021-08,accuracy,recent_arrivals,0.75787728026534,0.75932,50000,1.0
2021-08,accuracy,latest_complete_cohort,0.7614,0.75932,50000,1.0
2021-08,accuracy,cbpe,0.7524179459580121,0.75932,50000,1.0
2021-08,accuracy,atc,0.75626,0.75932,50000,1.0
2021-08,accuracy,doc,0.7529621117546895,0.75932,50000,1.0
2021-08,accuracy,da_cbpe,0.7626452569142872,0.75932,50000,1.0
2021-08,accuracy,da_cbpe_hz,0.7487987723108541,0.75932,50000,1.0
2021-08,prevalence,reference,0.5759294160815251,0.6125,50000,1.0
2021-08,prevalence,recent_arrivals,0.6181388141260908,0.6125,50000,1.0
2021-08,prevalence,latest_complete_cohort,0.61842,0.6125,50000,1.0
2021-08,prevalence,cbpe,0.5939282372034257,0.6125,50000,1.0
2021-08,prevalence,atc,,0.6125,50000,1.0
2021-08,prevalence,doc,,0.6125,50000,1.0
2021-08,prevalence,da_cbpe,0.60955199027005,0.6125,50000,1.0
2021-08,prevalence,da_cbpe_hz,0.5885485515755693,0.6125,50000,1.0
2021-09,roc_auc,reference,0.7656896715410031,0.7605310135821957,50000,1.0
2021-09,roc_auc,recent_arrivals,0.7483470663603384,0.7605310135821957,50000,1.0
2021-09,roc_auc,latest_complete_cohort,0.7483940943760065,0.7605310135821957,50000,1.0
2021-09,roc_auc,cbpe,0.7596676548983896,0.7605310135821957,50000,1.0
2021-09,roc_auc,atc,,0.7605310135821957,50000,1.0
2021-09,roc_auc,doc,,0.7605310135821957,50000,1.0
2021-09,roc_auc,da_cbpe,0.7646641889274393,0.7605310135821957,50000,1.0
2021-09,roc_auc,da_cbpe_hz,0.7614194003817193,0.7605310135821957,50000,1.0
2021-09,accuracy,reference,0.7563920809913771,0.76152,50000,1.0
2021-09,accuracy,recent_arrivals,0.7596071995260244,0.76152,50000,1.0
2021-09,accuracy,latest_complete_cohort,0.7588912350432658,0.76152,50000,1.0
2021-09,accuracy,cbpe,0.7527135529888788,0.76152,50000,1.0
2021-09,accuracy,atc,0.74404,0.76152,50000,1.0
2021-09,accuracy,doc,0.7532395584607293,0.76152,50000,1.0
2021-09,accuracy,da_cbpe,0.7663411394786603,0.76152,50000,1.0
2021-09,accuracy,da_cbpe_hz,0.7576356308756057,0.76152,50000,1.0
2021-09,prevalence,reference,0.5759294160815251,0.59792,50000,1.0
2021-09,prevalence,recent_arrivals,0.6158209788685876,0.59792,50000,1.0
2021-09,prevalence,latest_complete_cohort,0.6124912019210864,0.59792,50000,1.0
2021-09,prevalence,cbpe,0.578009898974515,0.59792,50000,1.0
2021-09,prevalence,atc,,0.59792,50000,1.0
2021-09,prevalence,doc,,0.59792,50000,1.0
2021-09,prevalence,da_cbpe,0.600263830648006,0.59792,50000,1.0
2021-09,prevalence,da_cbpe_hz,0.5858689938418817,0.59792,50000,1.0
2021-10,roc_auc,reference,0.7656896715410031,0.7578451800292827,50000,1.0
2021-10,roc_auc,recent_arrivals,0.7533570227590459,0.7578451800292827,50000,1.0
2021-10,roc_auc,latest_complete_cohort,0.7605310135821957,0.7578451800292827,50000,1.0
2021-10,roc_auc,cbpe,0.7564725802683948,0.7578451800292827,50000,1.0
2021-10,roc_auc,atc,,0.7578451800292827,50000,1.0
2021-10,roc_auc,doc,,0.7578451800292827,50000,1.0
2021-10,roc_auc,da_cbpe,0.7610080594907088,0.7578451800292827,50000,1.0
2021-10,roc_auc,da_cbpe_hz,0.7554575331865451,0.7578451800292827,50000,1.0
2021-10,accuracy,reference,0.7563920809913771,0.75926,50000,1.0
2021-10,accuracy,recent_arrivals,0.7608666040074646,0.75926,50000,1.0
2021-10,accuracy,latest_complete_cohort,0.76152,0.75926,50000,1.0
2021-10,accuracy,cbpe,0.7511226537076108,0.75926,50000,1.0
2021-10,accuracy,atc,0.7352,0.75926,50000,1.0
2021-10,accuracy,doc,0.7519987028535143,0.75926,50000,1.0
2021-10,accuracy,da_cbpe,0.7636428149291933,0.75926,50000,1.0
2021-10,accuracy,da_cbpe_hz,0.7481763134735328,0.75926,50000,1.0
2021-10,prevalence,reference,0.5759294160815251,0.6028,50000,1.0
2021-10,prevalence,recent_arrivals,0.6093811722719409,0.6028,50000,1.0
2021-10,prevalence,latest_complete_cohort,0.59792,0.6028,50000,1.0
2021-10,prevalence,cbpe,0.5805462843998945,0.6028,50000,1.0
2021-10,prevalence,atc,,0.6028,50000,1.0
2021-10,prevalence,doc,,0.6028,50000,1.0
2021-10,prevalence,da_cbpe,0.6005261580454508,0.6028,50000,1.0
2021-10,prevalence,da_cbpe_hz,0.576006526775943,0.6028,50000,1.0
2021-11,roc_auc,reference,0.7656896715410031,0.7574221407835797,50000,1.0
2021-11,roc_auc,recent_arrivals,0.755865557127495,0.7574221407835797,50000,1.0
2021-11,roc_auc,latest_complete_cohort,0.7573600975086575,0.7574221407835797,50000,1.0
2021-11,roc_auc,cbpe,0.7589319816948552,0.7574221407835797,50000,1.0
2021-11,roc_auc,atc,,0.7574221407835797,50000,1.0
2021-11,roc_auc,doc,,0.7574221407835797,50000,1.0
2021-11,roc_auc,da_cbpe,0.7634016796528862,0.7574221407835797,50000,1.0
2021-11,roc_auc,da_cbpe_hz,0.7609467027025181,0.7574221407835797,50000,1.0
2021-11,accuracy,reference,0.7563920809913771,0.76356,50000,1.0
2021-11,accuracy,recent_arrivals,0.7601301550856265,0.76356,50000,1.0
2021-11,accuracy,latest_complete_cohort,0.758856765785458,0.76356,50000,1.0
2021-11,accuracy,cbpe,0.7524932475909266,0.76356,50000,1.0
2021-11,accuracy,atc,0.7461,0.76356,50000,1.0
2021-11,accuracy,doc,0.7530271019238287,0.76356,50000,1.0
2021-11,accuracy,da_cbpe,0.7647304491668443,0.76356,50000,1.0
2021-11,accuracy,da_cbpe_hz,0.7581348216992352,0.76356,50000,1.0
2021-11,prevalence,reference,0.5759294160815251,0.60746,50000,1.0
2021-11,prevalence,recent_arrivals,0.6049698048353022,0.60746,50000,1.0
2021-11,prevalence,latest_complete_cohort,0.6034973398770982,0.60746,50000,1.0
2021-11,prevalence,cbpe,0.5794198429601441,0.60746,50000,1.0
2021-11,prevalence,atc,,0.60746,50000,1.0
2021-11,prevalence,doc,,0.60746,50000,1.0
2021-11,prevalence,da_cbpe,0.5993333086263092,0.60746,50000,1.0
2021-11,prevalence,da_cbpe_hz,0.5884465426985757,0.60746,50000,1.0
2021-12,roc_auc,reference,0.7656896715410031,0.76432077882431,50000,1.0
2021-12,roc_auc,recent_arrivals,0.7586638819448914,0.76432077882431,50000,1.0
2021-12,roc_auc,latest_complete_cohort,0.7574221407835797,0.76432077882431,50000,1.0
2021-12,roc_auc,cbpe,0.7598228601093034,0.76432077882431,50000,1.0
2021-12,roc_auc,atc,,0.76432077882431,50000,1.0
2021-12,roc_auc,doc,,0.76432077882431,50000,1.0
2021-12,roc_auc,da_cbpe,0.7645601925047608,0.76432077882431,50000,1.0
2021-12,roc_auc,da_cbpe_hz,0.7619222115393368,0.76432077882431,50000,1.0
2021-12,accuracy,reference,0.7563920809913771,0.77146,50000,1.0
2021-12,accuracy,recent_arrivals,0.7616416413721624,0.77146,50000,1.0
2021-12,accuracy,latest_complete_cohort,0.76356,0.77146,50000,1.0
2021-12,accuracy,cbpe,0.7531825553177844,0.77146,50000,1.0
2021-12,accuracy,atc,0.75222,0.77146,50000,1.0
2021-12,accuracy,doc,0.7535743313612407,0.77146,50000,1.0
2021-12,accuracy,da_cbpe,0.7660521558443897,0.77146,50000,1.0
2021-12,accuracy,da_cbpe_hz,0.7590268957633051,0.77146,50000,1.0
2021-12,prevalence,reference,0.5759294160815251,0.61878,50000,1.0
2021-12,prevalence,recent_arrivals,0.6025117274519965,0.61878,50000,1.0
2021-12,prevalence,latest_complete_cohort,0.60746,0.61878,50000,1.0
2021-12,prevalence,cbpe,0.5799660429874308,0.61878,50000,1.0
2021-12,prevalence,atc,,0.61878,50000,1.0
2021-12,prevalence,doc,,0.61878,50000,1.0
2021-12,prevalence,da_cbpe,0.601083441411304,0.61878,50000,1.0
2021-12,prevalence,da_cbpe_hz,0.5893801955514524,0.61878,50000,1.0
